1535
2778
31484
31485
40025
106122
109616
110931
114660
189031
231655
319234
321782
409842
423172
423204
423213
430474
458818
490549
533882
556774
557561
559765
576620
592327
619149
660589
671460
722718
722731
722762
850236
850237
903914
915907
1271404
1279172
1279173
1282569
1294693
1294695
1310115
1310116
1310120
1310742
1311763
1312598
1312599
1313110
1313879
1315867
1316968
1320122
1321908
1321909
1321910
1321911
1322988
1323680
1324317
1324321
1324981
1331451
1331453
1331459
1331461
1333012
1346651
1347319
1347791
1348542
1370695
1372358
1372359
1373191
1375293
1375626
1375962
1375963
1388207
1404233
1404239
1433175
1433179
1433181
1433182
1433183
1433188
1433190
1433193
1433194
1433195
1433203
1433204
1433212
1433214
1433219
1433220
1433225
1447736
1447737
1447738
1447739
1447744
1469686
1469689
1469694
1479375
1479580
1479581
1479586
1479587
1479590
1479591
1495009
1495010
1495014
1495020
1501221
1501226
1501230
1501235
1507198
1507200
1507203
1507204
1517742
1527785
1527787
1527791
1527792
1542092
1542094
1548674
1548675
1548676
1548678
1548682
1552498
1552500
1552502
1552504
1552510
1560441
1560443
1573631
1573633
1573634
1573636
1573639
1578484
1578485
1578486
1578488
1578493
1588550
1588551
1588553
1588555
1588558
1593278
1597855
1597858
1597859
1597860
1613743
1613744
1613747
1613755
1619615
1635053
1635054
1635057
1635061
1635066
1648137
1648139
1648621
1652014
1652023
1652024
1654430
1656041
1656043
1671420
1697345
1705574
1710653
1712395
1716683
1720175
1731937
1732516
1732523
1732525
1732531
1732549
1732550
1732551
1738141
1738148
1738151
1738152
1738153
1766005
1812212
1825337
1833546
1847426
1848292
1848293
1851843
1851847
1868065
1874734
1875334
1875337
1875344
1875347
1895288
1895289
1895309
1895310
1899452
1899453
1900532
1901910
1901912
1903450
1906108
1908522
1908523
1910089
1920361
1955879
1956033
1956041
1956045
1956050
1967312
1967313
1967317
1967653
1967654
1969483
1992113
1992121
1992126
1992129
1992137
1992138
1992139
1992145
1992147
1992151
1992155
1995872
1995880
1995885
1995886
1995887
1995889
1995900
2002459
2002465
2002466
2002469
2002476
2016706
2016709
2016722
2016725
2016726
2016727
2033582
2033585
2033594
2033599
2061928
2066965
2066966
2066983
2066989
2066991
2066996
2067002
2104936
2105396
2113948
2113949
2113950
2113951
2115586
2115589
2118184
2118185
2120440
2120443
2136920
2153203
2153206
2153207
2153209
2153210
2153213
2153816
2153817
2153825
2157007
2157009
2160536
2165159
2170650
2184237
2184238
2187994
2187995
2194033
2197413
2202827
2202828
2202829
2213821
2213822
2213826
2213827
2231592
2231595
2231596
2231604
2231606
2231608
2296006
2296008
2296011
2296014
2296020
2296023
2296027
2296036
2299625
2299629
2299633
2299642
2299645
2308144
2308145
2308147
2308149
2319562
2319567
2329571
2342054
2342064
2342075
2342076
2362262
2362264
2362277
2362285
2374139
2391679
2391687
2391691
2391692
2391693
2391706
2404121
2405159
2423690
2447278
2465410
2479745
2491889
2491890
2491891
2496229
2496230
2496231
2498516
2498517
2498518
2502629
2502631
2504921
2507784
2523485
2536438
2539477
2542553
2542557
2544722
2544729
2547071
2563296
2566685
2567783
2585439
2585440
2591378
2614420
2642553
2657067
2677377
2704029
2704030
2704033
2709379
2709384
2723668
2724296
2724298
2724299
2738882
2738887
2769677
2769687
2795605
2810330
2822926
2822927
2822930
2828622
2831365
2832602
2832605
2836586
2836590
2836591
2840499
2842501
2842503
2842505
2845082
2846840
2859372
2866247
2870190
2872334
2875185
2878078
2879912
2879917
2888899
2889829
2898531
2909728
2909744
2913292
2913296
2913308
2913310
2913311
2918496
2918514
2933517
2939242
2939243
2940368
2960813
2965243
2967376
2970550
2970551
2981324
2982020
2983075
2983076
2985781
2985785
2993618
2995664
2995669
2995670
2999394
2999395
2999396
2999398
2999402
3005567
3005569
3005576
3009454
3009814
3020247
3020249
3027327
3027332
3027337
3027341
3033245
3035180
3039137
3045320
3045321
3050088
3081722
3084785
3086557
3086558
3090264
3091830
3091832
3091834
3091835
3093680
3093681
3097317
3097318
3100794
3100797
3100801
3100803
3104589
3112397
3114491
3118024
3121855
3121857
3123692
3126296
3127587
3133478
3135406
3137345
3143009
3143010
3165132
3172130
3172141
3184122
3184124
3184126
3193422
3257523
3260955
3275776
3275777
3276890
3276891
3279206
3279210
3279211
3290485
3290486
3295239
3298652
3302256
3305945
3305946
3305947
3309315
3309316
3312604
3316655
3336029
3336033
3336036
3339608
3339612
3339613
3346867
3346869
3346878
3351845
3351850
3351851
3351853
3351857
3351861
3361575
3361583
3373483
3373486
3373490
3379415
3385720
3385729
3385730
3385731
3385735
3397986
3397993
3411600
3430165
3457954
3462394
3470522
3488405
3495664
3517331
3517332
3519969
3531517
3531518
3543358
3585900
3585902
3585906
3599023
3599028
3599031
3599032
3612682
3625703
3625708
3625715
3634830
3637247
3647139
3656356
3669006
3669008
3669019
3681889
3681890
3681891
3681898
3701787
3712371
3712372
3712374
3735304
3735306
3735309
3735316
3746813
3746817
3754284
3754285
3754286
3755757
3761305
3761316
3761327
3783575
3783578
3783579
3783584
3783591
3783606
3783611
3806587
3806602
3806609
3820219
3820229
3844034
3848491
3851848
3871859
3882966
3906126
3906130
3906131
3918169
3925146
3930740
3934383
3934385
3941405
3950901
3950902
3950907
3950911
3950912
3959030
3959033
3965702
3968682
3968684
3973903
3989819
4009615
4020824
4032430
4032433
4038746
4045922
4045928
4068002
4068006
4068012
6106062
6120232
6121913
6130153
6134833
6134834
6141293
6142952
6154141
6228661
6259352
6276540
6279844
6279846
6283083
6284937
6286970
6288947
6292417
6292418
6292419
6296388
6298420
6298421
6298425
6298428
6298429
6310112
6310113
6315938
6348285
6352942
6384520
6408258
6420569
6422042
6429331
6434741
6436487
6471063
6481761
6481768
6481772
6502598
6502602
6547487
6604819
6606707
6620306
6620311
6631913
6644749
6694162
6694166
6737432
6747993
6767030
6772786
6796687
6796688
6796692
6802974
6808133
6809941
6809942
6818344
6827528
6827532
6827533
6991695
6993683
7017146
7045370
7057425
7069721
7069722
7086836
7086841
7097715
7097717
7108896
7108907
7120277
7143354
7143356
7143357
7143361
7143366
7143367
7154002
7154003
7199088
7199089
7200144
7205869
7205880
7241506
7252985
7277385
7288824
7310802
7310803
7310814
7310833
7328576
7332706
7381849
7401106
7452682
7473541
7473543
7473544
7473546
7473554
7473559
7473562
7473566
7473571
7473573
7473577
7473582
7473584
7473585
7473592
7473595
7473596
7473597
7473599
7490723
7490726
7490728
7490731
7490732
7490733
7490734
7494145
7495840
7504733
7506311
7510786
7513763
7514263
7515410
7518001
7518523
7520079
7520080
7523674
7523675
7525878
7525961
7528269
7528281
7537334
7538590
7540207
7540208
7540209
7561895
7561897
7561907
7562598
7562902
7562905
7562910
7562915
7562916
7562922
7562928
7562930
7562931
7562936
7562944
7562951
7592745
7608891
7608895
7608901
7608903
7608909
7608911
7629797
7629802
7629810
7629813
7629814
7636841
7636842
7636849
7636858
7636862
7636868
7650670
7650671
7650672
7650673
7650675
7650677
7650679
7650683
7650686
7658430
7658432
7658437
7658441
7658449
7658452
7658454
7673925
7678430
7678654
7681480
7683725
7684450
7689109
7692048
7695269
7699692
7699697
7699704
7699706
7699707
7699713
7699716
7707308
7707319
7707324
7714543
7739006
7739009
7739015
7752183
7752185
7752186
7752193
7752194
7752200
7752201
7754369
7769390
7783114
7783121
7783135
7783140
7783141
7783143
7783147
7799402
7799404
7807122
7830273
7830281
7837235
7837237
7837241
7837242
7837243
7837244
7837246
7852999
7853331
7853332
7853337
7861415
7861416
7877140
7902439
7902440
7902871
7909847
7910217
7915326
7932529
7932530
7932550
7932551
7932554
7932556
7932558
7932563
7932568
7932573
7932578
7932580
7932585
7932586
7932587
7932593
7945404
7961706
7966130
7966131
7966137
7966143
7966146
7966150
7990104
7990108
7990123
7990927
7996549
8021912
8021916
8021921
8021926
8021931
8027982
8027986
8027987
8027988
8027989
8027992
8035419
8035422
8035423
8035427
8035428
8057278
8057281
8057282
8057283
8057292
8057296
8057297
8057299
8064298
8064792
8064799
8064800
8071940
8096246
8099976
8105084
8120866
8120867
8120868
8120871
8126701
8126707
8126709
8145221
8145226
8145228
8145231
8145235
8145236
8151612
8151626
8158166
8164249
8164252
8164254
8164255
8164257
8164259
8176401
8176700
8176703
8176705
8176709
8176711
8182697
8201592
8201595
8201597
8201600
8201604
8230093
8230096
8230097
8230115
8230117
8230120
8230132
8230134
8230137
8230138
8230139
8246226
8246229
8246233
8246234
8246236
8246237
8254604
8254606
8254607
8254610
8254611
8254612
8254615
8254617
8254620
8254628
8258825
8258828
8258833
8258834
8258837
8277318
8277496
8277497
8277511
8277514
8289184
8289187
8289188
8289189
8289195
8289196
8289197
8289198
8295206
8295207
8295214
8295217
8295218
8295221
8326323
8336341
8340909
8340917
8340919
8340921
8340923
8340925
8355256
8360871
8360884
8360887
8381185
8383731
8384662
8387598
8387599
8388468
8389876
8393112
8393489
8410973
8410981
8410982
8410983
8410991
8410992
8410993
8410995
8411011
8411012
8411014
8411016
8411018
8411019
8411020
8411022
8421284
8421285
8421290
8421291
8421293
8421294
8423593
8423594
8423600
8423602
8426360
8426361
8426367
8459398
8459400
8464042
8464047
8474100
8474101
8474102
8474103
8478902
8478905
8478906
8478908
8478911
8487254
8487255
8496905
8496907
8496919
8496935
8496937
8496938
8496942
8510099
8515419
8515423
8515426
8523403
8523405
8523406
8544172
8544173
8544178
8558502
8558503
8558518
8558522
8558529
8558530
8558536
8568798
8568811
8568812
8568814
8568815
8568820
8568827
8568828
8568829
8568830
8576904
8576908
8576911
8576912
8576914
8576920
8621644
8627565
8627601
8627607
8627608
8627609
8627616
8632407
8632408
8632413
8632418
8632419
8632420
8632421
8632423
8632427
8632431
8632433
8632434
8632437
8632441
8640791
8642555
8642556
8642563
8642564
8642567
8642568
8648598
8648603
8648604
8648606
8648609
8648610
8648612
8667357
8667360
8667361
8667363
8667369
8670053
8676334
8676335
8676336
8676339
8676347
8691423
8691425
8691427
8691430
8691432
8691433
8691440
8691442
8691444
8691450
8691451
8691457
8691458
8691459
8691462
8691463
8691464
8691465
8691471
8691472
8691474
8691482
8691487
8709092
8709095
8709096
8709105
8709117
8709120
8709135
8723491
8759623
8759624
8759633
8759634
8759635
8765505
8765515
8765519
8765520
8770901
8778237
8778243
8779894
8784450
8784452
8784456
8784459
8809153
8809154
8809160
8809165
8818233
8824261
8831757
8831759
8831760
8831765
8831770
8831772
8831774
8863793
8863795
8863796
8863804
8863807
8863811
8863812
8863817
8864237
8878062
8879560
8893834
8893840
8893841
8893849
8904845
8917639
8917644
8917645
8917650
8917652
8941382
8941383
8941396
8941398
8946748
8956326
8960544
8960551
8960555
8960563
8978834
8978835
8978837
8978838
8978840
8978842
8978843
8978844
8978846
8978855
8984162
9003517
9003518
9003521
9003523
9016328
9022797
9022803
9046330
9046332
9046337
9046338
9046340
9046341
9046346
9046353
9057855
9057858
9057869
9067317
9083479
9083480
9083481
9083482
9083483
9083488
9083490
9083491
9083493
9089328
9089333
9089334
9092716
9103511
9111292
9111294
9135028
9135032
9139660
9154964
9154965
9154967
9154968
9154971
9157194
9171866
9171870
9171871
9171872
9171884
9187257
9188796
9191951
9191953
9191954
9191963
9191965
9191966
9191968
9191969
9191971
9207936
9207940
9207941
9207943
9207944
9207948
9216827
9216828
9216829
9216834
9216838
9216839
9216842
9216844
9216846
9224570
9240345
9240348
9240351
9240358
9258349
9258353
9258356
9258357
9258359
9260930
9262353
9270020
9276015
9276017
9276024
9288162
9288166
9288171
9301658
9301660
9301662
9301665
9301666
9301667
9301668
9301672
9301673
9301674
9313931
9321514
9322359
9341905
9341908
9341914
9341916
9341917
9341921
9341924
9355767
9357513
9357518
9357519
9357520
9357522
9357536
9357537
9371237
9371243
9371249
9371250
9374833
9379435
9379443
9379444
9379446
9379449
9379450
9392883
9397175
9397176
9397178
9397180
9399974
9406590
9406599
9406600
9406602
9435891
9435895
9435898
9435900
9435905
9435906
9435907
9438017
9438022
9438025
9457237
9457238
9458785
9461567
9461646
9461647
9461656
9461665
9464355
9464356
9464365
9464366
9464367
9464370
9468142
9484492
9484493
9484495
9484497
9484500
9484504
9484510
9484512
9495864
9513596
9514851
9526553
9526556
9526558
9526559
9526562
9526564
9526574
9544200
9544206
9544211
9544212
9544215
9544564
9544566
9548816
9548853
9554867
9554868
9554869
9554874
9554884
9554885
9572881
9572882
9572884
9572886
9572888
9572889
9572893
9572895
9599224
9599225
9599226
9599227
9599228
9599238
9599251
9599261
9599274
9599275
9599282
9610386
9622545
9622548
9622549
9622551
9622553
9629473
9632351
9632358
9632360
9632363
9632367
9632372
9632373
9644086
9647783
9651152
9651154
9651155
9651161
9651163
9651169
9651171
9655880
9667954
9667973
9667974
9667975
9667976
9667978
9677190
9677265
9685230
9685232
9685233
9685235
9685236
9685242
9685244
9685247
9687576
9703462
9703465
9703468
9703471
9706043
9719581
9719589
9719595
9719597
9719605
9719606
9722497
9722499
9733479
9733480
9733481
9733482
9733484
9733489
9733492
9733984
9748351
9748354
9748356
9748358
9748363
9748366
9748367
9751076
9753615
9755050
9756510
9767628
9767633
9767634
9767638
9767640
9767641
9767647
9767650
9784091
9784093
9784099
9784101
9784102
9784103
9784104
9784105
9784106
9784110
9784116
9784154
9794920
9804686
9804687
9804689
9804692
9804694
9804696
9804697
9808712
9812985
9822537
9822541
9822544
9822549
9822550
9822554
9822556
9830022
9834145
9834151
9834152
9834165
9834166
9834167
9836614
9857092
9857095
9857098
9871511
9871512
9871517
9871520
9871523
9871526
9871528
9871532
9871533
9871534
9871540
9871560
9871562
9871563
9871570
9871573
9871574
9871581
9871586
9871587
9871588
9871607
9871609
9871612
9871617
9871622
9871623
9871629
9871636
9871640
9871649
9871653
9871656
9871663
9871675
9871678
9871680
9871682
9871687
9871693
9871700
9871704
9871706
9871723
9871727
9871728
9871729
9871730
9871731
9871737
9871742
9871744
9871745
9871749
9871762
9871777
9871780
9873367
9873368
9873370
9873371
9873380
9873382
9873385
9873392
9873400
9873403
9873405
9873409
9873414
9873418
9873421
9873431
9873440
9873448
9873449
9873452
9873453
9873457
9873460
9873463
9873473
9873486
9873488
9873489
9873491
9873497
9873498
9873507
9873520
9873524
9873525
9873531
9873532
9873533
9873534
9873535
9873552
9873554
9873562
9873565
9873567
9873569
9873573
9873583
9873592
9873593
9873594
9873596
9873598
9873600
9873604
9873607
9873610
9873613
9873615
9873617
9873621
9873622
9873627
9873628
9873633
9873636
9873639
9873643
9873646
9873649
9873654
9873655
9873656
9873660
9873668
9873675
9873686
9873692
9873694
9873703
9873708
9873712
9873715
9873717
9873730
9873733
9873743
9876106
9876107
9876114
9888830
9888835
9888838
9914792
9917313
9918561
9925723
9925730
9925736
9925737
9925739
9934459
9934461
9934463
9934466
9934467
9934479
9934482
9934488
9934494
9934495
9986714
9986720
9986722
9990447
9990449
9990460
9990463
10021912
10021913
10021915
10021918
10021927
10021933
10021942
10021944
10027858
10052961
10052963
10052965
10052969
10052979
10052994
10072683
10072688
10072689
10075742
10075763
10075775
10082798
10087037
10090777
10090778
10090785
10090787
10090791
10091673
10091674
10091675
10091678
10091679
10091682
10091683
10091687
10091693
10091694
10091697
10091698
10091700
10091706
10096852
10098659
10098661
10098663
10098675
10098677
10188979
10196521
10197959
10197960
10197962
10197964
10197965
10197969
10197972
10197973
10198227
10201821
10201825
10201826
10201829
10201830
10201839
10206539
10206542
10206546
10206548
10206551
10206553
10206559
10212118
10212120
10212122
10212129
10220563
10220855
10229623
10229625
10230611
10230612
10230616
10230623
10230624
10230626
10230627
10230630
10328287
10328291
10328306
10328307
10328309
10329466
10340604
10340605
10340610
10340613
10340614
10340616
10340621
10340624
10346925
10346932
10346937
10354396
10354397
10354398
10354399
10354405
10354406
10354407
10354412
10360739
10360741
10360744
10360745
10360750
10360754
10360755
10360757
10360758
10377214
10377217
10377218
10377223
10385678
10386923
10386926
10386929
10386934
10386938
10386942
10386944
10386945
10386946
10395473
10395474
10395476
10395482
10395483
10395486
10395524
10397493
10397495
10397503
10397507
10406637
10406640
10406646
10406658
10411481
10411484
10411485
10411488
10411577
10417314
10421658
10425084
10425100
10425109
10425110
10425111
10425125
10425145
10447947
10447955
10447959
10447960
10447965
10450951
10450955
10450962
10450965
10450967
10450968
10450969
10450973
10450977
10450979
10450980
10450984
10450986
10450987
10450988
10450990
10464006
10464010
10464012
10464016
10464018
10464020
10464027
10465535
10465539
10465547
10465550
10465559
10465561
10467133
10476856
10476864
10476868
10476870
10476871
10476876
10476878
10476879
10476885
10476886
10479275
10479286
10479288
10479292
10479300
10479306
10479314
10479344
10484490
10498193
10498196
10498197
10498198
10498202
10498203
10498204
10498206
10498210
10498211
10498222
10508425
10508430
10508434
10508439
10508445
10508448
10509910
10509923
10509926
10509927
10509929
10514271
10514275
10514278
10514281
10514284
10514285
10514294
10514295
10514305
10522695
10522697
10522699
10522701
10522706
10522707
10522712
10525090
10530956
10543874
10543879
10543890
10560740
10560742
10560745
10560746
10565843
10570049
10570053
10571147
10576684
10576685
10576692
10578127
10579815
10579816
10579817
10579818
10579821
10579825
10579829
10579835
10579836
10579847
10579848
10579849
10579850
10579851
10579852
10579862
10602693
10602697
10602702
10602709
10602710
10612585
10612586
10612589
10612590
10612594
10612598
10612603
10617079
10617082
10617091
10633036
10633037
10633043
10633045
10636229
10636232
10636250
10636251
10636865
10639283
10639284
10639285
10639286
10644574
10648470
10649971
10649972
10649977
10649979
10649985
10650073
10654412
10654414
10669559
10669563
10669564
10669571
10669576
10669578
10673106
10673109
10681378
10688634
10691693
10691694
10691695
10691696
10691697
10691716
10691728
10691729
10698435
10698436
10698439
10698440
10698443
10698445
10698447
10698448
10698450
10698452
10698454
10698459
10714496
10714498
10714508
10714510
10715151
10715152
10715162
10715163
10715167
10729360
10737736
10737739
10737744
10737756
10741555
10741557
10741561
10741562
10743937
10743939
10743942
10743944
10743945
10743948
10743952
10743953
10743957
10743958
10746010
10748266
10753463
10753467
10753473
10753475
10753476
10753478
10757727
10757731
10760098
10762037
10762041
10762042
10762045
10762051
10762053
10773005
10780903
10780906
10780907
10780908
10780910
10780912
10782664
10782673
10782677
10782685
10785413
10794681
10794682
10794684
10794685
10794688
10794694
10794696
10794697
10794702
10794704
10794705
10794706
10820137
10821705
10821707
10821712
10821714
10821715
10821716
10825452
10825466
10840050
10841789
10841802
10841803
10843211
10843222
10843231
10853644
10853645
10853646
10853647
10853661
10853665
10853668
10853669
10853673
10853674
10853676
10853677
10854830
10866372
10866374
10866387
10866393
10866395
10866404
10869191
10869194
10869205
10869292
10869408
10882002
10882008
10882354
10882355
10882358
10882359
10882369
10888326
10888332
10888335
10888337
10888340
10890154
10890162
10891111
10891114
10891120
10893303
10893305
10893310
10893311
10901697
10915035
10915041
10915042
10915044
10915049
10915051
10915052
10915054
10915056
10915062
10929807
10937710
10937713
10937715
10937725
10937733
10937734
10937736
10937743
10956187
10956196
10956197
10956210
10956211
10956212
10956219
10956221
10956223
10956225
10966743
10966924
10969974
10969988
10969990
10973807
10978183
10978186
10978187
10978188
10978197
10987415
10987423
10987430
10987441
10987444
10991954
10991988
10997946
10998351
10999467
10999468
10999471
10999473
10999475
10999488
10999999
11000002
11000004
11000037
11007306
11012021
11012022
11012024
11012026
11012033
11012037
11020273
11020287
11052723
11052785
11052789
11052791
11052800
11055334
11055335
11055336
11055338
11055339
11055344
11055350
11055351
11055355
11055356
11055357
11063603
11063604
11063606
11063607
11063610
11063613
11063622
11076551
11078187
11078188
11078196
11086714
11086718
11086721
11086723
11086729
11086732
11087566
11087567
11087568
11087569
11087570
11087571
11087572
11087579
11099697
11101356
11101357
11101360
11101640
11102445
11123983
11123986
11123988
11123995
11123998
11128638
11128640
11128643
11128645
11128646
11128651
11133082
11133089
11133092
11140722
11140727
11140734
11140740
11140741
11141084
11141092
11141093
11141102
11145223
11150161
11150162
11150165
11150166
11150175
11170624
11170626
11170644
11170645
11170646
11170651
11170666
11170677
11170689
11191835
11206438
11206447
11206452
11206457
11206458
11206459
11206461
11206463
11206465
11206467
11206468
11206469
11206478
11206479
11212092
11212095
11212098
11212099
11212100
11212102
11212109
11212110
11212114
11212119
11212127
11229747
11229749
11229762
11229763
11229765
11229771
11229773
11229774
11229775
11229776
11229778
11231118
11248200
11259322
11262075
11262076
11262078
11262093
11266153
11266155
11266157
11266161
11266166
11266168
11266171
11266175
11266176
11266182
11277514
11277533
11277534
11277535
11277536
11278508
11284702
11294379
11294382
11294386
11294387
11294389
11294390
11294392
11297448
11297453
11300866
11300873
11306690
11306701
11309550
11311057
11311060
11311061
11311066
11311067
11311069
11312916
11312919
11312920
11312921
11312924
11312926
11312927
11312928
11316767
11325241
11327577
11327579
11327580
11327582
11327589
11327590
11327591
11327593
11327594
11327595
11327602
11327603
11327605
11327607
11327608
11334560
11334563
11334569
11341829
11354358
11354361
11354365
11354379
11354380
11356099
11356107
11356112
11378352
11378353
11378359
11378361
11378362
11378364
11378365
11378369
11378371
11378377
11378378
11384231
11384232
11384233
11384239
11384244
11392535
11392536
11392538
11392539
11392540
11392541
11392547
11392548
11405287
11405641
11405644
11405646
11405647
11405650
11405657
11405662
11408360
11408557
11412972
11412977
11412979
11412980
11412982
11412985
11412987
11412990
11421762
11425524
11425526
11425530
11425538
11425539
11425540
11425544
11425547
11425559
11426832
11428921
11428927
11428928
11430001
11430019
11437380
11448221
11448230
11452702
11454461
11454465
11454724
11459634
11459637
11459639
11459642
11459643
11459656
11459659
11459661
11459662
11459664
11459666
11462969
11462970
11462972
11462975
11462976
11462978
11462981
11462983
11465411
11472202
11472204
11472205
11472206
11472208
11472209
11472210
11472212
11472217
11472219
11473415
11474784
11485475
11495577
11495581
11495583
11495584
11495586
11495587
11495595
11502595
11514142
11514143
11514144
11514149
11514150
11514157
11514161
11514163
11514167
11514173
11520195
11520197
11520200
11520201
11520202
11520208
11520212
11520213
11520216
11527714
11527723
11527724
11527727
11527730
11527731
11527732
11543674
11543675
11543676
11543678
11543679
11543680
11543689
11549437
11549442
11549447
11549448
11549453
11549455
11549459
11549460
11549461
11549467
11549468
11549469
11551750
11551751
11551754
11551755
11551756
11551757
11551758
11551762
11551763
11551767
11551769
11551770
11551771
11557132
11561088
11563920
11563921
11563922
11563928
11563931
11567092
11585437
11585438
11585439
11585440
11585444
11585448
11585452
11585453
11585456
11590022
11591502
11591509
11591510
11591511
11591515
11591521
11597407
11597411
11597413
11597414
11597418
11597419
11597420
11602689
11606127
11606136
11606139
11606389
11641438
11669456
11677124
11677131
11677132
11677133
11677139
11678652
11678653
11678654
11683238
11689062
11689069
11689072
11689079
11689084
11689087
11689088
11708905
11708908
11708909
11708913
11708918
11708925
11708927
11708930
11708931
11714317
11714595
11714597
11714600
11714601
11714603
11714612
11714616
11716514
11720533
11720851
11720852
11720859
11720863
11720868
11728179
11728182
11728185
11738561
11738566
11738569
11738570
11738571
11738574
11738578
11741468
11741472
11741473
11741477
11741479
11741480
11741485
11741490
11741491
11741777
11743742
11751127
11754575
11754581
11754588
11754590
11754594
11754608
11755338
11755341
11755349
11755350
11755352
11755357
11755362
11755366
11758759
11770010
11784130
11784131
11784136
11784138
11784148
11784155
11784156
11784157
11792694
11806706
11806708
11806709
11806711
11806716
11806718
11806719
11806720
11806722
11809072
11814774
11814779
11814787
11814791
11814792
11814800
11814804
11814808
11814812
11814820
11814826
11814830
11815391
11818398
11831895
11831900
11831902
11831903
11831904
11831905
11831909
11831910
11837698
11844663
11844664
11844665
11844666
11844670
11844674
11844676
11844682
11844687
11844689
11844690
11844691
11844693
11844695
11844702
11844705
11844706
11855979
11855980
11855984
11855993
11858749
11858756
11858993
11858994
11858995
11858999
11859001
11859006
11859012
11861777
11878817
11881984
11881986
11881991
11881993
11881997
11882004
11883641
11906281
11906282
11906287
11906288
11906292
11908961
11908993
11909604
11909713
11909715
11909717
11909718
11909720
11909726
11909733
11914912
11927256
11931608
11931611
11931613
11931615
11931623
11931624
11931626
11934574
11934578
11934583
11934587
11934588
11934589
11934592
11934593
11934595
11958981
11958984
11958985
11958989
11958993
11958994
11958997
11959006
11959009
11960487
11960490
11960504
11961113
11961115
11964599
11965368
11965369
11965370
11965376
11965377
11965378
11965379
11965381
11975488
11985462
11985465
11985469
11992770
11992771
11992772
11992773
11992777
11992781
11992782
11992783
11992789
11992790
11997326
12005172
12014950
12014953
12014954
12014955
12014956
12014959
12014960
12014964
12014967
12014973
12023506
12031318
12031319
12031323
12031328
12031329
12031331
12031333
12031337
12036343
12036346
12036347
12036350
12036353
12036356
12036360
12036361
12036362
12036373
12036374
12036375
12036377
12036378
12039560
12039561
12039564
12039569
12039570
12039571
12039572
12039574
12039575
12039576
12039583
12039584
12039585
12039586
12039587
12039589
12039590
12057671
12061873
12061876
12061879
12061886
12063169
12067545
12067547
12067556
12085361
12086479
12086480
12086484
12086486
12086491
12086493
12086497
12086500
12088440
12089149
12106615
12109902
12109903
12109912
12109913
12110607
12113809
12113810
12113814
12113816
12113820
12113828
12113832
12113833
12113834
12113838
12127505
12127510
12127511
12127515
12127518
12127522
12127526
12127537
12128170
12130727
12130730
12134945
12134946
12139450
12139451
12139452
12139455
12139459
12139466
12141863
12144928
12161113
12161118
12161123
12161128
12161131
12161135
12161140
12161147
12161148
12161158
12161160
12161161
12161162
12161164
12166930
12166931
12166937
12166942
12166948
12166950
12166951
12176030
12182847
12182856
12182858
12182860
12182861
12182862
12182865
12182866
12182870
12190306
12190309
12190310
12190311
12190312
12190314
12190316
12193020
12204688
12213051
12213053
12213058
12213061
12213064
12213066
12213067
12213072
12213075
12213077
12213078
12217355
12217358
12217369
12217375
12235265
12237339
12238918
12238922
12238924
12238930
12238936
12238937
12240953
12270152
12270155
12270156
12270163
12270168
12270169
12270171
12270173
12270177
12270185
12270186
12270187
12270195
12361387
12361388
12361393
12361396
12361398
12361402
12361405
12372497
12372498
12372501
12372506
12372507
12372508
12372513
12372516
12372517
12372522
12372525
12372529
12372530
12372533
12372534
12372540
12372541
12383007
12383010
12383017
12392733
12392738
12392741
12392743
12392744
12392746
12398542
12398550
12401496
12404239
12408705
12408707
12408708
12408709
12408727
12408728
12419362
12419366
12419367
12419373
12419374
12419380
12419382
12419386
12419389
12431052
12431056
12431057
12431059
12438515
12443774
12443784
12443785
12443790
12443791
12444669
12444693
12444711
12444712
12459011
12459015
12459017
12459023
12459024
12459025
12460667
12467610
12467612
12467619
12467622
12467623
12467624
12467627
12467628
12467634
12472777
12475240
12477342
12477346
12477347
12477350
12477352
12477358
12482415
12482416
12482425
12482429
12482438
12482439
12482441
12482444
12482445
12502331
12502345
12502352
12502359
12502361
12502364
12502365
12502366
12502369
12519058
12519059
12519064
12519067
12523936
12526824
12538807
12538813
12538837
12540231
12540232
12540239
12540241
12540243
12542342
12542354
12565927
12565931
12565935
12565941
12565943
12565944
12565948
12565952
12565960
12565962
12565966
12565968
12565969
12565972
12565973
12565974
12570368
12570369
12570371
12570376
12570378
12570380
12593646
12593652
12593657
12593661
12593666
12593668
12604693
12606755
12608855
12617890
12617891
12617892
12617893
12617895
12617903
12617904
12617909
12617910
12617917
12617920
12617923
12617932
12620067
12620068
12620072
12620078
12620084
12639538
12639541
12639546
12639549
12639552
12639554
12639555
12639560
12639565
12639567
12639568
12639570
12639571
12639576
12643899
12643903
12643904
12643910
12643913
12643918
12643923
12643927
12643929
12643933
12643934
12643937
12643941
12643942
12643944
12643946
12646018
12646019
12646020
12646021
12646024
12646026
12646027
12646036
12650826
12657252
12657259
12657262
12657267
12657271
12657272
12657276
12657277
12657279
12657281
12657283
12657284
12662104
12668000
12668002
12668004
12668008
12668009
12668010
12668012
12668013
12668017
12668018
12668020
12672227
12672234
12672241
12672248
12672249
12672250
12672252
12679137
12695538
12699376
12699384
12699385
12699389
12699390
12699395
12699744
12699751
12699753
12699755
12699763
12700464
12713414
12723940
12723942
12723943
12723945
12723948
12723949
12723951
12723956
12723960
12723963
12729627
12729631
12729643
12729646
12729664
12729670
12729673
12729674
12729675
12739951
12747773
12747780
12747787
12747789
12747791
12749884
12749885
12749892
12749893
12749899
12749902
12762803
12762808
12762821
12773035
12773039
12773040
12773041
12773042
12773044
12773045
12773050
12773052
12773053
12773056
12781174
12781178
12781179
12781182
12781187
12781189
12781190
12781193
12781194
12781195
12781197
12781198
12798312
12798313
12798316
12798323
12798337
12798340
12798341
12801220
12801221
12801222
12801224
12801226
12801227
12801232
12801236
12801240
12824020
12824021
12824023
12824026
12824028
12824030
12824031
12824033
12824035
12824037
12824039
12824040
12824041
12824045
12824047
12825924
12825933
12825934
12825937
12825948
12825952
12828454
12852749
12852754
12852755
12852759
12852762
12852763
12852764
12852766
12852767
12852768
12852771
12852938
12852946
12852950
12852954
12852955
12852960
12852966
12852970
12852971
12852972
12852973
12873488
12873495
12873504
12873505
12873506
12873509
12873512
12873513
12873514
12873518
12877578
12877582
12877583
12877584
12877587
12877590
12880321
12904059
12904065
12904068
12904069
12904075
12904076
12904077
12904080
12924948
12930137
12930139
12930144
12930146
12930148
12930149
12930151
12941313
12941315
12941318
12941319
12941321
12941322
12941326
12941327
12941329
12941330
12941331
12941335
12941336
12941339
12941340
12941341
12941342
12941344
12941345
12951078
12951083
12951084
12951085
12951087
12951089
12951091
12951093
12951099
12951101
12951107
12951108
12951113
12951114
12951120
12951122
12951124
12951126
12954047
12954052
12954055
12954057
12954058
12954060
12954062
12954072
12963436
13678400
13678404
13678405
13678406
13678408
13678409
14500382
14505637
14505648
14505649
14505650
14505652
14505655
14505663
14505664
14505670
14510595
14510598
14510601
14516196
14519960
14521404
14521405
14521407
14521409
14521410
14521412
14521414
14521415
14521416
14521422
14530907
14552748
14552755
14552757
14552758
14552762
14552764
14552766
14552779
14552787
14552791
14552795
14552799
14561080
14561085
14561088
14561089
14561091
14561094
14561096
14561097
14561098
14561099
14575434
14584932
14584934
14584938
14584950
14584957
14584960
14586168
14592472
14592473
14592485
14592488
14592489
14592494
14592495
14592497
14592501
14592508
14592513
14592516
14592520
14592521
14592525
14593182
14611838
14611839
14611841
14611846
14611847
14611850
14611851
14611852
14611855
14611859
14613121
14613312
14613314
14613320
14613322
14613323
14613327
14622994
14623004
14623007
14640519
14640537
14640538
14640539
14640540
14640546
14640550
14640555
14640557
14640561
14643307
14643312
14643313
14643316
14643318
14643320
14643321
14643325
14643329
14643331
14643335
14643337
14643348
14643353
14643355
14643356
14643890
14667216
14667218
14667219
14667220
14667222
14667223
14667225
14667226
14667227
14667228
14667230
14667233
14667234
14667236
14675047
14684289
14684291
14684293
14684294
14684295
14684297
14684298
14684299
14684301
14684302
14684303
14684304
14684305
14684306
14684311
14684318
14684323
14684325
14684328
14684329
14684332
14684335
14684336
14684337
14684338
14684339
14684342
14695814
14695815
14695816
14695818
14695826
14695831
14695837
14698147
14698148
14698149
14698151
14698153
14698154
14698158
14698163
14698164
14698169
14698170
14698179
14698190
14698193
14698200
14698201
14711305
14711307
14711310
14711311
14711313
14711316
14722321
14736240
14736245
14736250
14736252
14736254
14738400
14741245
14741249
14741251
14741252
14741263
14741265
14741268
14741269
14741272
14741275
14741281
14741285
14741286
14741288
14741289
14741291
14741292
14741295
14761180
14761182
14761189
14761192
14761194
14971888
14971890
14971897
14971900
14971903
14971906
14978359
14980648
14980663
14980665
14980666
14980670
14980671
14980678
14980679
14980684
14980686
14980691
14980693
14980694
14980695
14987072
14993604
14998318
14998319
14998321
14998323
14998324
14998325
14998329
14998333
14998335
14998337
14998342
15006369
15006373
15006379
15006380
15006381
15006385
15006386
15006387
15006393
15006396
15006404
15006405
15006407
15008512
15008513
15012981
15012982
15012983
15012984
15012985
15012997
15012999
15013000
15013005
15013006
15013007
15013012
15013016
15013017
15013018
15013019
15013020
15026036
15026047
15026048
15026050
15026058
15026062
15026063
15026065
15026075
15026078
15027848
15027857
15027872
15043410
15043421
15044733
15050625
15050627
15050628
15050630
15050631
15050632
15050635
15050636
15050639
15050640
15050642
15050645
15055985
15055989
15055990
15055993
15055995
15055997
15056000
15056001
15056002
15056004
15056006
15056008
15080972
15080976
15080978
15080981
15080985
15080987
15080993
15080996
15080998
15081001
15081002
15081003
15081007
15081008
15081014
15081015
15081022
15081026
15081029
15081033
15081035
15081039
15081040
15084121
15084123
15084125
15109626
15109635
15109636
15109637
15109638
15109641
15109647
15109649
15109651
15109653
15109663
15109664
15115382
15115384
15115387
15115396
15115398
15115400
15115403
15115413
15125926
15125936
15125940
15125944
15125945
15125946
15125947
15125955
15125962
15125963
15125965
15125966
15125967
15139749
15139753
15139754
15139755
15139756
15139757
15139760
15139762
15139768
15139769
15149641
15149648
15149657
15149660
15149662
15149665
15149669
15149671
15149672
15149679
15149680
15149684
15149685
15149686
15149688
15149691
15149695
15149697
15149705
15155841
15163181
15163182
15163188
15163189
15163192
15163200
15163202
15163207
15163208
15163211
15165136
15165153
15165161
15166123
15173008
15177437
15177438
15177439
15177451
15177452
15177456
15177458
15177469
15177471
15177477
15177480
15177482
15177483
15189037
15189038
15189042
15203137
15203139
15203146
15203149
15203151
15203153
15203157
15203170
15214773
15214776
15214781
15214784
15214794
15214795
15214796
15217274
15217282
15217290
15225701
15225702
15225708
15225710
15225716
15225717
15225718
15225728
15225729
15225731
15225734
15239657
15239664
15261259
15261263
15261264
15261265
15261266
15261273
15261274
15261276
15261277
15261283
15261286
15261287
15261289
15261290
15261292
15261297
15261298
15267231
15267232
15267235
15267236
15267243
15267244
15267245
15267247
15270556
15270564
15293982
15293983
15293985
15293993
15293995
15293996
15293998
15313923
15317459
15317461
15317463
15324874
15324876
15324877
15324884
15324887
15324896
15324897
15324899
15324903
15324904
15324906
15332838
15341478
15341483
15341484
15341930
15341931
15341937
15341940
15341941
15341947
15341950
15341951
15341955
15341957
15341963
15341968
15341970
15357960
15357963
15357969
15357970
15357971
15357972
15357980
15357982
15357988
15357990
15357992
15357993
15357995
15368579
15369380
15369391
15369392
15369398
15369399
15369402
15380200
15380204
15380208
15380210
15380217
15380221
15380224
15380226
15380230
15380231
15380232
15380233
15387673
15449728
15454205
15454208
15454209
15454212
15454214
15454215
15454217
15454222
15454224
15454228
15454229
15454231
15454232
15454236
15454239
15454240
15454242
15456242
15456245
15456248
15456249
15456251
15456256
15456260
15456265
15456267
15456269
15456274
15456276
15481971
15481972
15481976
15481979
15481981
15481984
15481986
15482913
15482914
15482918
15482930
15482931
15482932
15482933
15482935
15482938
15482939
15482941
15482944
15482952
15489168
15496291
15497946
15497954
15501042
15501043
15501045
15501047
15501049
15501061
15501067
15501070
15501072
15509154
15509157
15519161
15530990
15537340
15537343
15537346
15537351
15537352
15537353
15537365
15546715
15546717
15546720
15546727
15546728
15546730
15546732
15546733
15546735
15546736
15546740
15559249
15566290
15566294
15566295
15566296
15566298
15566299
15566301
15566308
15566311
15567297
15568761
15568772
15582404
15582405
15582407
15582409
15582416
15582421
15582422
15582423
15582424
15582426
15582428
15582430
15582436
15582437
15582439
15582441
15582442
15582446
15582453
15588074
15588076
15588079
15588081
15588084
15588086
15588089
15588091
15588093
15588095
15588096
15603938
15603939
15603946
15603949
15603953
15603954
15603956
15603959
15603961
15603969
15603971
15603973
15615511
15615512
15615515
15615517
15615521
15615522
15615524
15615526
15615534
15615538
15615541
15615544
15616150
15618649
15618660
15620241
15620258
15620270
15633995
15633997
15634002
15634004
15634005
15634016
15634021
15634022
15634028
15657054
15658853
15658857
15658859
15658860
15658862
15658864
15658865
15658869
15658870
15658871
15664805
15664814
15664816
15664820
15664828
15664830
15664835
15664838
15664839
15664846
15664851
15664858
15664860
15664861
15664867
15670903
15686877
15686883
15686891
15686893
15686894
15686895
15686897
15686898
15686906
15686910
15686917
15686921
15686922
15686923
15686928
15686931
15686933
15686934
15686936
15686938
15686942
15686945
15686947
15686949
15689151
15689152
15689153
15689168
15689169
15689175
15713379
15713381
15713382
15713387
15713391
15713394
15713401
15713403
15713406
15713413
15713417
15713421
15715457
15715459
15715461
15715465
15715468
15715470
15715478
15715483
15715489
15715498
15730241
15743172
15743173
15743174
15743179
15743186
15743188
15743198
15743211
15745795
15745796
15745800
15745802
15745805
15745809
15745814
15745815
15745817
15745820
15745822
15745827
15745831
15745833
15771412
15771417
15771419
15771420
15771425
15771430
15771431
15771432
15771436
15771437
15771438
15771446
15771456
15771457
15771462
15771466
15771468
15780608
15780611
15780613
15780616
15780618
15780619
15780623
15780627
15780628
15780629
15780630
15780631
15780636
15780637
15781124
15787429
15787457
15801817
15801818
15801819
15801822
15801827
15801832
15801853
15801855
15801859
15801860
15808449
15808450
15808455
15808464
15808467
15808469
15808475
15808476
15808483
15808489
15808492
15828812
15828827
15828828
15828835
15828836
15828839
15837295
15837296
15837298
15837299
15837300
15837305
15837306
15837312
15837315
15837316
15837323
15837324
15837325
15837326
15837329
15837330
15837333
15837334
15844952
15844962
15850980
15857112
15857114
15857115
15857125
15857130
15857136
15857140
15857141
15857145
15857146
15857149
15857150
15863293
15863294
15863301
15863305
15863310
15863312
15863327
15863335
15863338
15863339
15863341
15863342
15865431
15870380
15876535
15878273
15878274
15878275
15878277
15884806
15887951
15887963
15887964
15887966
15887968
15887969
15887973
15887974
15890515
15895683
15895686
15896957
15896959
15901723
15905091
15908209
15908214
15911249
15911251
15911258
15911259
15911260
15911261
15911268
15911270
15911272
15911273
15911275
15911278
15911283
15913999
15914000
15914002
15916415
15916416
15916423
15916427
15916429
15916432
15916433
15916436
15916438
15916444
15916445
15919995
15921407
15921437
15922595
15923115
15925510
15927466
15927468
15936191
15936193
15943469
15943473
15943475
15943479
15943482
15943486
15950463
15950465
15950471
15951170
15951171
15951176
15953722
15953724
15953726
15953730
15955698
15955699
15958589
15961311
15968818
15974570
15974574
15974577
15974585
15974592
15974594
15974606
15974621
15975507
15982872
15982877
15982879
15982882
15990304
15993055
15993057
15993585
15993593
15993600
15999987
15999991
15999992
15999993
15999997
16000000
16000004
16002283
16002291
16005212
16005220
16005224
16005625
16033252
16033253
16033254
16033257
16033258
16033259
16033264
16033267
16033271
16038536
16038560
16039119
16039120
16039122
16039123
16039848
16039853
16046123
16046538
16054357
16055331
16055332
16061379
16078824
16078826
16078830
16078836
16078841
16078842
16078843
16078844
16078847
16078849
16078850
16078851
16078854
16084720
16084722
16085414
16085415
16087336
16087337
16098744
16099653
16102965
16102966
16107139
16107143
16107153
16107154
16107158
16111887
16112859
16115767
16115768
16124768
16124769
16125384
16125385
16134928
16134929
16134937
16134939
16134946
16134949
16137881
16137883
16137884
16137886
16140012
16143519
16143520
16143521
16143524
16143525
16143526
16143530
16143531
16143532
16153829
16153831
16153835
16153836
16154744
16154746
16154747
16161991
16161992
16161998
16162000
16162007
16162013
16162014
16165349
16165351
16165353
16165356
16168640
16168641
16168644
16168647
16168653
16169217
16169219
16169718
16169723
16169725
16176875
16183025
16183274
16183277
16183278
16183284
16183285
16185865
16185866
16185867
16190745
16190746
16190760
16190761
16190763
16190766
16198559
16198560
16198561
16198563
16199156
16202581
16202584
16202586
16202593
16203139
16203140
16203141
16203142
16203144
16206825
16213707
16213711
16213715
16213720
16213722
16216496
16216497
16216498
16216500
16216502
16216503
16216507
16216508
16216509
16218678
16219464
16219465
16220969
16220970
16220971
16220975
16220979
16220980
16220981
16236499
16236500
16236504
16236508
16236509
16242322
16242323
16242327
16242329
16242653
16246548
16246551
16246552
16246553
16246554
16246555
16246560
16246562
16246563
16248836
16249085
16249345
16250632
16250645
16250649
16250653
16250656
16250658
16250662
16250663
16250669
16252917
16252920
16252923
16257202
16257206
16260131
16263278
16263279
16263280
16263282
16271293
16271472
16274989
16274990
16274992
16275073
16275075
16275076
16275084
16279765
16279793
16279799
16279804
16279811
16288866
16289811
16289818
16289878
16289879
16289938
16290140
16290144
16290145
16290146
16290930
16290932
16290935
16290936
16297617
16298127
16298128
16298129
16300943
16302794
16302795
16302797
16302799
16302800
16302804
16302810
16302817
16302818
16302820
16302822
16302826
16303301
16303304
16309309
16309311
16309906
16309907
16309909
16314097
16321524
16321529
16321531
16335925
16335928
16335931
16335932
16335933
16337118
16337119
16337120
16337121
16337379
16337789
16337791
16337793
16343901
16356713
16356714
16359865
16361099
16366595
16366598
16366604
16368234
16376079
16377188
16380250
16380252
16380254
16380256
16380258
16380259
16384552
16384702
16386422
16386902
16386905
16392790
16392799
16392800
16392806
16392816
16392817
16392822
16392823
16392826
16407290
16408003
16408016
16408017
16408072
16408091
16412635
16412636
16413185
16413777
16413781
16415861
16420026
16420027
16420030
16420034
16420038
16420039
16420044
16420053
16420054
16420063
16420064
16420066
16426848
16434190
16434195
16439122
16439124
16439126
16441060
16441086
16442284
16442288
16442290
16446087
16446092
16451055
16451056
16451062
16451063
16451066
16451069
16451072
16451079
16451081
16455248
16455252
16455253
16455255
16458503
16458507
16458510
16458512
16459077
16460798
16460930
16460933
16460935
16460940
16464575
16464576
16464579
16464585
16464588
16464591
16466576
16466916
16473009
16480257
16480264
16480267
16480268
16480270
16480277
16480278
16480284
16480864
16480867
16480869
16481162
16481166
16481167
16483769
16483771
16483772
16483773
16492149
16495056
16497499
16503138
16503141
16504501
16504502
16504503
16504506
16509566
16509568
16509570
16509573
16509575
16509576
16509582
16509583
16509584
16509585
16509590
16509592
16509597
16509598
16513343
16513349
16516466
16516467
16516469
16516471
16516473
16517159
16517161
16524727
16524731
16527484
16529928
16529930
16529931
16530412
16530413
16539381
16539382
16539392
16539395
16539403
16540315
16545563
16545564
16546381
16546382
16546383
16554152
16554154
16562850
16562853
16563751
16563752
16563759
16563761
16565716
16570908
16570909
16570912
16570914
16570918
16580199
16580200
16580201
16581245
16584130
16597152
16603348
16603352
16603354
16603357
16610779
16610782
16610785
16610801
16610804
16610809
16611214
16616494
16616495
16617016
16621533
16621534
16621537
16621539
16621550
16630721
16631366
16632349
16632356
16632358
16640325
16640339
16640345
16643034
16643058
16644215
16644217
16644218
16644220
16647256
16647258
16650762
16650764
16650984
16660197
16675217
16677813
16678408
16678414
16682184
16682186
16682188
16682193
16682195
16682200
16682201
16682202
16686528
16686530
16686533
16686537
16686540
16686541
16686542
16697189
16697196
16697640
16697641
16698266
16699172
16713259
16713261
16713265
16714108
16714109
16716588
16716589
16722622
16722625
16722626
16722630
16722653
16722655
16722659
16722662
16723225
16723226
16723227
16723229
16725322
16730979
16730984
16735116
16735117
16735118
16750359
16750360
16750361
16750362
16750363
16750367
16750630
16753296
16757166
16757169
16759084
16759088
16759092
16759097
16759099
16759113
16759116
16759855
16759856
16759857
16759860
16765046
16766183
16767085
16767086
16777410
16777414
16781147
16782334
16783341
16784843
16784844
16784850
16789733
16789734
16789738
16789742
16789746
16789748
16789754
16789755
16792405
16797984
16797987
16806913
16806914
16806916
16806919
16807364
16809036
16809037
16814542
16814546
16821764
16821765
16821767
16821774
16821776
16821778
16821784
16821797
16821800
16821801
16821802
16824755
16824756
16837197
16843659
16844373
16844377
16854053
16854066
16854067
16854068
16854069
16854070
16854071
16854077
16854079
16854082
16854084
16866524
16870425
16870430
16870433
16870435
16870436
16870441
16870444
16872137
16872152
16875814
16876401
16876403
16876411
16879961
16879966
16884289
16884290
16884291
16884295
16884297
16884299
16884302
16884305
16884311
16884314
16889963
16890427
16890431
16890433
16890434
16890436
16891117
16892342
16899366
16908134
16908138
16908145
16908149
16908150
16913694
16913703
16913716
16913717
16913724
16913726
16919455
16919943
16919944
16920357
16931001
16931002
16931007
16931012
16933872
16934457
16934458
16942014
16942016
16942020
16942022
16942029
16942034
16942871
16942879
16945526
16945528
16945529
16945534
16949282
16949818
16950617
16950620
16962325
16962772
16963264
16970390
16970395
16970400
16970401
16970402
16970403
16971120
16971122
16973360
16979340
16982193
16987657
16987662
16989529
16990001
16990002
16990005
16996734
16997556
16997558
16997560
17000105
17000111
17004713
17004716
17004717
17004718
17004723
17008100
17010479
17010480
17010605
17010608
17011189
17018693
17027260
17027261
17027263
17027267
17027271
17027272
17028580
17034116
17034119
17034127
17034131
17034132
17035013
17035018
17035038
17041919
17046251
17046252
17046254
17046265
17046269
17049233
17049855
17049867
17055268
17055271
17055721
17055723
17055725
17060518
17064062
17064065
17064066
17064068
17064892
17064896
17064911
17067801
17070044
17070047
17070058
17070062
17071093
17074482
17074494
17074800
17079141
17079150
17084000
17084080
17084082
17084087
17085051
17088058
17088059
17088060
17088065
17092717
17092934
17095218
17095219
17095222
17095225
17095232
17095233
17098427
17098428
17098431
17098432
17107790
17107791
17107796
17107799
17108987
17110115
17110117
17112640
17113289
17113292
17113301
17113777
17115034
17116672
17116677
17117801
17118654
17118655
17123821
17125223
17125224
17125227
17125246
17125247
17125251
17125267
17125271
17125277
17125278
17126019
17126020
17127062
17127067
17127070
17129588
17134896
17135248
17142049
17149860
17149863
17149870
17149873
17149878
17149882
17149885
17154490
17154491
17154492
17154493
17154501
17154507
17154513
17157005
17157006
17157007
17157010
17157012
17157501
17158051
17158936
17163639
17166832
17166835
17169557
17169565
17172449
17172472
17174090
17174091
17174550
17175160
17178222
17178224
17178722
17181143
17181144
17181147
17181151
17181152
17181158
17181164
17181175
17181176
17185414
17187980
17188496
17188861
17188862
17188863
17188869
17188873
17188879
17189685
17189688
17189690
17189694
17190464
17194584
17194585
17194587
17194588
17194596
17194716
17196388
17196818
17197182
17197188
17197699
17201406
17201408
17201410
17201412
17201415
17201418
17210251
17210255
17218103
17228858
17228862
17228869
17228875
17228876
17228877
17228881
17228883
17234405
17234407
17234410
17234412
17234415
17236765
17236777
17239587
17239601
17242148
17243659
17244604
17249648
17249650
17249727
17251014
17251019
17251189
17253676
17253854
17254783
17256836
17256925
17257837
17257840
17258457
17258905
17259979
17263522
17263523
17266194
17266195
17266203
17266208
17267215
17267217
17267221
17267225
17267227
17270435
17270437
17270439
17275297
17275314
17275316
17276061
17276064
17276072
17276075
17276676
17276687
17276980
17279740
17279797
17280833
17287121
17287122
17289388
17291041
17291769
17292610
17292611
17293118
17293140
17293454
17298046
17298049
17300162
17302397
17303416
17303421
17305324
17306530
17307360
17307979
17314045
17315987
17315988
17316052
17316915
17317165
17317167
17317169
17317170
17317172
17317180
17317181
17317182
17317569
17320401
17321639
17323937
17323938
17324575
17324932
17325024
17325225
17326615
17328532
17328534
17329100
17329101
17329104
17329254
17331715
17331716
17334377
17335184
17336065
17336521
17336523
17336535
17337182
17339109
17339114
17339115
17341061
17341062
17343372
17346079
17346962
17346963
17348637
17349719
17350253
17350261
17350836
17350837
17350839
17352460
17352462
17352463
17353248
17360344
17360485
17360676
17361995
17363259
17367895
17367896
17368019
17368021
17368023
17368025
17368901
17371003
17371799
17371809
17371869
17371872
17375903
17376679
17376680
17376683
17378609
17379147
17379514
17379516
17379526
17381079
17383874
17387018
17394300
17395460
17395461
17395463
17395590
17395594
17398092
17398093
17399985
17399986
17399989
17399990
17400452
17400453
17400458
17400460
17403997
17407812
17408953
17411025
17416531
17416533
17417831
17418568
17418569
17418570
17418571
17419055
17419603
17420131
17420132
17420211
17425296
17428043
17428662
17428667
17428670
17428923
17432842
17433505
17433672
17433673
17433696
17433698
17434650
17434732
17434733
17434734
17434735
17434740
17434872
17438050
17438061
17439112
17442567
17446072
17446073
17447748
17447749
17447750
17447751
17448574
17448658
17449248
17451950
17451960
17451961
17452064
17458947
17458948
17459703
17461565
17461566
17462888
17462889
17462890
17463090
17467994
17470393
17470654
17470659
17472358
17474732
17474756
17475489
17475500
17477516
17477517
17480064
17480099
17481894
17481905
17482462
17482813
17482814
17482825
17483457
17485508
17489575
17489632
17490876
17490879
17490884
17493937
17496888
17497839
17498953
17499504
17499505
17500510
17502122
17502137
17502141
17502143
17502145
17502148
17502402
17502409
17507219
17509888
17511439
17512196
17512742
17513019
17513107
17513302
17516639
17517504
17517511
17517512
17517852
17521908
17521909
17521912
17524640
17524641
17524652
17524653
17526494
17526755
17530838
17531480
17531482
17531483
17532099
17532214
17532544
17532631
17532633
17533125
17533127
17535802
17535895
17536859
17537919
17539621
17540560
17543524
17543532
17544269
17544271
17544277
17544667
17544668
17545669
17546039
17552507
17553679
17553682
17555306
17555307
17555959
17555962
17556358
17557328
17559203
17560106
17560108
17560109
17562364
17562366
17562705
17562796
17564423
17566101
17566736
17567585
17568739
17569517
17570663
17570666
17571866
17572088
17574411
17574412
17574416
17574417
17574424
17574851
17576061
17576064
17579385
17580843
17580845
17582660
17582766
17582773
17583333
17583334
17583500
17585752
17585855
17587576
17587586
17588744
17588746
17588749
17588934
17590332
17590341
17591443
17591762
17591763
17591851
17599916
17600706
17600707
17602546
17602798
17602800
17604175
17604631
17604633
17606370
17606372
17608468
17611106
17611112
17616115
17618015
17618113
17618114
17618122
17620375
17620380
17622128
17623649
17623656
17624631
17629698
17630285
17630726
17632515
17635930
17637486
17637507
17638694
17638903
17640774
17643988
17643991
17646652
17649988
17651968
17651969
17652517
17655212
17655330
17656088
17658737
17658776
17662606
17663538
17664068
17664070
17664318
17664321
17664327
17665890
17665896
17665899
17675290
17676039
17681466
17681760
17681768
17681796
17683932
17684099
17685602
17686629
17691763
17692432
17692435
17692518
17692525
17693086
17696419
17696515
17698257
17698620
17705360
17706839
17707951
17707953
17708655
17709461
17709463
17709464
17713898
17714833
17716892
17716893
17716894
17719223
17719700
17720492
17722901
17722903
17722905
17723300
17725339
17728130
17760433
17761416
17761417
17761419
17764934
17764937
17764958
17765547
17766107
17766109
17766110
17766113
17768051
17803290
17804225
17804233
17822809
17822893
17822894
17822895
17822898
17822899
17822900
17822907
17824599
17824681
17826092
17826099
17826100
17826101
17826995
17826998
17827003
17827009
17827011
17827012
17827013
17845018
17845019
17845848
17845856
17846131
17846134
17848577
17848581
17850055
17850057
17850125
17850214
17851075
17851076
17851080
17851081
17851082
17855089
17855092
17855341
17867663
17869105
17869117
17869121
17869387
17869509
17869510
17869513
17869514
17869515
17869522
17869524
17870212
17870531
17870536
17870539
17875639
17875993
17875995
17875998
17880056
17881232
17883259
17887659
17887663
17887720
17889526
17889528
17889532
17889535
17890085
17890094
17892933
17892940
17895252
17897956
17900911
17900913
17904841
17904843
17904845
17904850
17905583
17905588
17910429
17911021
17914785
17915849
17915854
17918819
17918824
17919905
17920281
17921140
17923491
17924613
17925440
17927164
17929792
17929797
17931864
17931865
17931867
17933529
17933533
17935298
17935984
17935986
17935989
17936631
17937972
17937984
17937985
17937986
17937987
17937988
17937989
17938182
17942306
17944454
17948018
17948976
17948978
17948981
17948983
17949055
17949860
17949976
17950494
17950601
17951059
17951061
17954002
17954919
17956080
17956081
17956082
17956988
17958344
17958345
17958396
17960923
17962025
17962026
17963370
17963373
17963374
17964000
17964155
17964171
17964793
17967002
17967541
17967543
17967909
17967911
17967916
17973361
17975902
17976864
17977724
17977725
17977726
17977732
17980583
17980584
17981034
17981045
17981366
17981367
17981368
17981370
17983745
17983756
17985861
17985862
17986205
17988109
17988864
17988865
17988876
17990866
17994683
17994684
17994701
17996450
17997320
17998160
17999461
18005335
18006312
18006315
18006321
18020390
18022567
18023187
18023188
18023347
18023348
18023349
18023580
18023581
18023582
18023931
18024028
18024030
18024111
18024113
18024134
18025110
18025458
18029173
18029174
18029177
18032036
18032037
18032038
18036818
18037537
18038969
18039572
18039577
18039578
18039579
18042384
18042388
18045743
18047266
18052023
18052026
18052318
18053714
18053716
18053726
18054227
18054229
18054239
18054489
18054490
18055068
18055203
18055204
18055206
18056643
18059263
18060772
18060775
18060777
18060794
18061443
18061444
18061445
18061446
18061448
18061458
18061460
18062664
18063373
18063374
18068975
18068976
18068977
18068979
18068983
18072726
18075579
18077163
18077174
18077363
18077425
18078749
18078756
18078761
18082290
18083028
18083034
18083522
18083553
18083554
18083556
18083558
18083562
18086152
18086526
18087047
18095641
18095643
18095654
18096386
18096393
18096394
18154266
18155520
18155906
18155908
18158247
18159923
18160283
18160284
18160287
18162398
18163548
18163587
18164198
18164199
18164204
18165015
18166456
18166458
18171614
18176998
18178090
18178091
18178092
18180160
18181562
18181565
18182285
18182286
18182289
18191399
18191402
18193048
18201067
18205293
18207285
18207391
18207394
18207396
18207397
18211009
18212100
18215014
18215519
18217703
18220329
18220331
18221871
18221875
18221879
18222087
18222088
18223646
18226527
18226533
18226898
18226904
18226905
18226913
18232633
18232649
18232650
18232652
18232654
18232656
18232657
18240386
18242087
18242983
18242987
18242991
18242993
18243423
18243692
18243695
18243698
18243712
18243713
18247547
18247553
18247554
18248814
18248988
18249473
18249539
18249540
18249544
18251495
18255197
18255289
18257543
18258427
18258440
18258441
18258442
18260615
18262309
18262415
18262419
18262793
18266313
18267359
18267361
18267362
18268084
18269230
18271520
18271552
18272363
18272371
18276139
18276140
18278858
18280153
18280742
18281126
18281216
18281931
18282707
18284184
18285471
18288793
18288794
18288807
18289847
18289848
18289850
18289852
18289854
18289863
18290603
18290604
18291642
18291645
18293908
18294843
18294844
18294853
18295483
18295485
18295495
18296048
18296050
18296051
18298080
18299198
18303826
18304810
18304812
18304821
18304822
18307288
18307293
18308565
18308567
18308572
18308574
18311894
18311895
18311898
18311900
18311909
18313174
18313293
18313294
18313297
18313298
18313304
18313308
18313807
18313930
18314330
18314331
18316187
18316517
18316518
18316524
18318463
18318466
18321713
18321715
18321716
18321717
18324759
18324761
18324762
18324764
18325768
18326070
18327899
18329269
18329273
18329752
18329876
18330993
18331794
18331795
18333606
18333608
18334293
18334294
18334295
18334299
18335974
18337095
18337096
18337105
18338841
18341287
18342402
18342505
18342518
18343108
18343109
18343122
18344216
18345609
18345612
18346892
18346893
18347114
18348513
18348515
18348516
18348517
18351727
18353638
18353640
18353655
18355729
18356045
18357974
18357995
18358718
18358720
18358729
18359226
18359629
18361484
18362069
18362070
18363349
18363350
18364256
18364257
18364258
18372175
18373337
18374566
18374569
18374570
18378717
18381239
18386881
18386885
18387304
18387804
18391035
18393402
18393405
18394758
18395443
18395454
18396050
18396051
18396356
18397826
18397827
18399639
18400502
18406497
18406613
18407691
18410080
18410081
18410085
18412326
18412397
18417342
18417343
18417348
18420310
18420405
18420409
18424044
18426195
18426901
18434143
18434146
18434147
18434148
18434149
18434151
18434152
18434170
18436346
18440232
18440811
18442906
18442908
18442910
18443109
18445525
18447380
18455394
18457383
18457385
18457386
18457948
18458130
18459759
18461922
18462007
18462938
18462943
18467104
18467105
18467107
18467108
18467109
18468890
18468895
18469809
18473434
18474425
18474428
18477506
18477508
18479116
18479118
18479914
18479916
18479921
18482836
18485703
18485715
18485716
18485717
18486994
18487053
18490168
18490170
18492610
18494455
18494457
18494522
18495479
18499453
18499454
18500794
18501598
18501600
18501601
18501602
18501603
18501613
18502121
18502123
18502127
18502134
18502646
18504132
18505286
18505853
18507370
18507371
18507372
18508264
18508265
18510371
18512985
18513963
18513964
18514529
18515116
18517184
18519164
18524420
18524423
18524582
18524585
18524591
18524593
18529044
18529047
18534856
18539026
18539028
18539031
18539454
18539455
18539456
18540668
18541345
18541424
18541726
18547114
18547117
18547805
18547806
18550369
18550370
18550373
18553955
18554905
18554908
18554909
18555687
18556198
18556199
18556208
18556209
18557608
18557609
18558491
18558492
18558668
18558669
18558747
18559524
18565754
18565755
18569346
18569349
18570365
18571402
18571418
18571419
18571921
18571928
18572406
18572407
18573658
18573659
18578469
18578472
18578477
18578516
18578517
18579375
18579388
18583127
18583130
18583139
18585046
18585047
18585918
18586356
18586490
18586492
18586498
18587388
18588281
18588282
18590272
18590959
18595690
18595691
18595718
18595720
18598017
18598020
18598080
18599296
18602198
18602260
18602262
18605720
18606543
18606544
18606546
18613661
18614364
18614366
18614367
18617397
18619713
18619839
18620381
18621522
18621523
18621528
18625539
18625552
18625553
18625554
18625556
18625557
18625560
18627201
18630870
18630893
18630897
18632268
18632269
18637668
18639454
18639462
18640036
18640038
18640833
18640836
18640844
18642892
18642893
18644716
18644721
18644722
18644727
18644957
18644969
18646746
18650089
18650093
18650094
18650096
18650097
18651728
18652443
18653333
18656371
18657971
18662872
18662874
18662877
18662879
18663019
18665579
18665580
18665584
18666768
18667303
18667309
18667312
18667313
18672316
18672364
18672366
18672368
18672861
18672868
18674899
18674901
18674905
18674915
18674917
18675545
18676144
18677305
18678484
18678488
18678489
18678495
18678497
18680271
18680272
18680274
18680275
18680280
18681480
18682324
18684621
18684623
18686942
18686943
18690676
18690677
18691885
18691892
18691893
18693015
18693022
18693761
18694641
18694642
18694645
18698753
18701276
18701300
18701308
18702457
18703340
18707087
18707884
18707891
18710208
18712856
18714978
18714982
18715787
18717581
18718756
18722033
18722771
18722776
18722777
18723346
18723354
18723356
18729445
18752943
18752948
18752949
18752953
18752957
18752960
18754610
18754611
18754655
18760864
18760922
18762425
18763751
18763754
18763757
18768318
18768319
18771252
18771253
18771916
18774291
18774709
18774711
18774713
18778098
18778944
18782667
18782669
18782670
18783201
18783951
18785725
18786825
18788725
18789685
18789701
18789702
18789703
18789704
18789706
18789863
18790648
18793848
18793852
18793854
18794386
18798607
18798608
18798681
18799313
18800048
18800765
18800767
18800768
18800772
18800848
18801997
18804369
18805008
18805692
18805696
18808097
18809327
18809328
18809333
18811132
18811135
18811136
18812256
18815031
18815050
18816110
18816139
18817364
18817365
18817366
18817368
18817444
18818074
18818075
18818088
18819794
18819796
18819797
18819799
18819808
18821747
18821749
18823110
18823779
18823784
18824350
18824351
18824352
18825535
18826204
18828583
18829317
18829333
18834187
18835158
18835163
18835164
18835505
18835709
18835710
18841880
18842405
18842409
18842420
18847277
18849971
18851911
18852280
18855373
18921992
18922697
18926699
18926710
18929433
18929484
18929486
18930396
18930398
18930406
18930653
18937434
18938080
18939864
18945614
18945617
18947905
18948001
18950149
18951020
18951788
18951789
18951790
18951805
18952417
18952421
18952439
18952446
18952447
18954037
18954038
18954981
18954983
18954984
18954985
18973288
18973387
18976834
18976905
18976928
18976930
18977146
18977148
18977558
18977662
18980841
18980842
18983142
18986201
18986805
18990567
18990568
18990570
18990571
18993066
18993068
18993072
18996007
18996009
18996018
18996020
18996021
18996691
18996693
18996694
18998663
19006286
19006379
19006380
19006669
19007200
19007201
19007204
19008098
19008110
19010671
19010676
19010677
19013076
19013792
19014885
19014886
19015326
19015351
19015366
19017562
19019494
19019674
19019676
19022667
19026554
19027197
19027292
19028100
19028102
19029318
19029327
19029333
19029917
19035792
19036582
19036586
19038545
19038548
19039322
19041163
19041241
19041242
19041249
19042128
19042129
19042133
19046886
19047657
19049427
19049429
19053746
19053751
19053752
19053754
19053756
19053764
19053765
19053768
19053769
19053775
19053831
19053833
19053888
19054595
19054671
19058881
19058962
19058966
19059777
19059783
19059786
19060912
19061360
19062273
19062274
19062275
19062296
19072053
19072235
19072684
19072688
19075053
19075063
19081248
19081278
19081716
19084294
19084295
19086895
19088712
19090668
19090779
19091557
19091560
19091561
19091581
19095442
19095443
19095444
19095448
19095454
19095456
19097777
19097778
19097779
19097781
19097787
19097788
19097792
19097798
19097892
19097911
19101143
19101154
19102698
19104010
19104021
19110341
19110342
19110422
19111054
19111461
19111462
19111463
19111466
19111471
19112019
19113866
19114304
19114305
19114310
19115837
19117415
19117416
19117756
19117760
19119007
19119009
19121582
19121944
19124243
19124251
19124253
19125579
19125620
19128860
19128974
19131247
19135364
19135376
19136179
19136259
19136975
19138517
19140664
19140666
19140683
19143568
19144449
19144516
19147350
19147367
19152786
19157881
19159187
19162487
19167222
19167884
19167886
19167888
19170519
19170524
19170633
19171484
19173562
19175319
19178289
19178292
19179070
19179073
19181519
19181521
19181523
19181525
19183043
19185488
19185490
19186056
19188066
19188071
19188072
19191553
19191554
19191557
19191585
19193009
19195883
19195887
19196510
19199480
19199650
19199652
19200742
19201189
19201200
19203813
19208472
19209845
19209891
19209899
19211174
19211246
19211249
19215087
19216549
19217192
19217285
19217288
19217301
19217304
19217779
19217790
19220018
19222165
19223184
19223187
19231180
19231183
19231185
19231202
19231206
19231207
19232787
19233644
19233646
19236017
19237229
19237282
19239254
19243175
19243862
19243939
19243954
19246196
19246199
19249203
19249205
19250823
19250826
19250834
19253982
19254842
19254843
19256507
19260711
19261480
19268405
19268584
19268585
19268600
19268602
19269170
19269177
19269184
19269185
19269819
19269822
19271717
19271735
19272774
19272776
19273683
19275964
19281225
19282171
19282172
19282176
19282190
19284751
19285388
19285393
19285395
19285413
19285862
19286378
19286379
19286380
19286381
19289283
19289522
19289530
19295546
19296597
19296600
19296694
19296695
19297154
19297158
19297172
19297174
19299128
19299146
19299147
19299148
19301816
19301902
19303288
19303290
19303291
19303774
19307115
19309080
19309152
19317397
19317452
19318248
19320488
19320489
19321235
19321350
19323559
19323560
19323561
19323562
19327872
19327988
19327989
19328002
19329309
19329313
19329329
19329330
19331340
19331412
19331415
19332369
19334715
19338355
19338356
19339177
19339178
19339179
19339180
19339187
19341281
19342233
19348494
19349096
19349179
19349185
19349513
19349520
19354254
19354255
19356929
19358610
19358611
19359068
19359175
19361197
19361896
19361991
19362476
19362477
19362478
19362479
19362487
19362830
19362832
19362833
19362837
19362838
19362844
19362846
19362847
19364118
19364644
19364649
19364657
19364658
19364848
19364854
19369077
19371039
19375196
19375309
19375914
19376703
19379014
19385614
19385640
19386397
19386496
19386498
19388647
19388676
19388706
19394219
19394221
19394223
19394228
19394822
19395258
19395259
19395260
19397268
19397269
19397322
19397324
19398204
19398642
19402665
19409780
19410338
19410459
19410464
19414254
19414255
19414258
19414260
19414265
19419141
19419861
19419863
19419866
19419876
19423344
19423354
19423356
19425598
19427202
19427203
19427205
19427206
19428156
19428250
19428251
19433354
19435663
19438226
19441819
19441846
19443217
19443219
19445453
19446931
19447034
19447036
19447527
19447612
19447613
19447617
19447619
19447620
19447622
19447628
19450982
19450984
19450985
19451305
19454370
19457595
19457659
19457660
19457675
19459657
19459681
19463001
19464889
19465931
19467599
19467742
19467868
19467869
19469544
19470504
19470507
19473026
19476336
19476340
19477650
19481450
19481464
19481465
19481932
19482383
19483697
19485329
19487124
19497644
19499921
19500884
19500885
19500977
19500979
19500982
19500994
19502059
19507862
19515560
19515564
19515568
19515569
19520573
19520574
19520577
19522463
19522465
19522500
19523819
19523822
19523824
19523825
19524437
19524439
19525112
19527032
19527929
19527930
19527935
19530681
19530697
19530700
19534531
19534534
19534555
19537690
19537763
19537798
19539468
19539471
19539482
19540112
19540115
19540628
19540763
19540764
19540765
19540767
19541481
19546367
19552431
19552433
19552984
19553107
19553108
19553110
19553114
19553115
19555113
19555126
19556126
19556128
19560355
19560363
19560919
19560921
19560931
19561619
19564107
19572547
19574045
19574046
19574047
19574053
19574056
19576765
19576767
19577469
19578332
19580287
19580319
19581086
19583260
19589677
19591487
19592243
19592244
19592246
19596197
19596198
19596575
19596583
19596868
19603809
19604694
19606868
19606870
19606871
19608417
19608418
19608421
19610604
19610618
19615897
19615901
19615903
19615910
19616429
19616432
19616874
19616940
19616942
19616945
19616948
19616955
19616956
19618939
19620010
19625186
19625188
19628387
19628399
19630402
19631528
19631529
19631533
19632110
19632113
19632122
19632124
19632830
19632832
19632834
19632837
19632840
19632842
19632850
19635666
19635672
19637873
19640613
19640712
19640717
19642675
19642687
19643608
19645480
19645482
19646864
19646865
19646866
19646882
19647430
19647440
19648005
19651509
19651511
19653644
19654408
19663387
19663663
19664922
19665375
19665376
19665377
19665385
19665893
19665894
19666229
19673466
19674816
19674894
19674897
19674898
19674899
19674908
19679469
19679475
19679477
19679481
19682896
19682899
19682900
19682901
19682914
19683441
19683842
19683918
19683922
19683931
19691347
19692247
19692248
19694467
19697446
19699641
19699645
19700313
19700314
19700315
19700320
19702270
19702283
19703768
19703773
19703774
19703777
19704127
19704131
19708663
19709887
19711986
19713106
19713110
19713111
19715320
19715342
19716293
19716294
19716296
19716297
19716306
19716475
19716697
19716698
19717215
19717305
19719237
19719241
19719242
19720539
19721074
19725578
19725580
19726112
19729316
19731939
19733066
19734050
19734911
19736016
19739647
19739674
19740074
19740659
19743866
19743867
19743875
19744860
19746934
19746975
19748269
19748780
19751974
19751975
19757839
19758802
19761212
19762234
19762236
19762237
19762238
19762239
19762243
19762245
19767207
19767208
19767211
19769332
19769357
19769383
19772287
19773162
19773167
19775160
19775161
19775896
19778024
19781947
19781951
19782562
19782572
19783139
19783142
19783143
19785436
19788238
19788246
19791801
19791805
19796851
19796939
19796941
19798697
19800227
19800229
19800787
19800788
19800803
19804969
19804971
19804978
19804982
19810674
19810703
19811915
19813754
19819693
19821562
19821563
19821572
19821575
19822426
19822427
19822431
19822432
19822433
19824618
19827751
19827833
19827837
19831390
19831396
19831400
19833514
19833522
19835391
19836229
19836235
19836247
19836248
19836860
19836951
19837585
19837589
19839593
19839643
19841155
19843080
19846295
19846298
19846301
19846303
19846305
19848405
19848434
19850474
19853328
19853441
19853442
19853443
19854048
19854049
19854051
19854052
19854053
19854054
19854643
19854645
19854647
19854648
19854649
19854650
19856920
19856923
19856966
19857964
19857966
19857967
19860432
19861238
19863057
19864130
19864132
19864136
19873981
19875283
19875298
19877603
19877644
19877691
19879023
19879134
19879673
19879754
19880317
19883081
19883083
19883085
19883100
19883244
19884005
19884006
19884011
19884377
19884378
19888755
19888758
19888759
19888760
19888761
19889536
19889539
19889540
19889545
19891474
19891491
19894725
19894727
19896842
19896843
19896845
19897362
19897367
19899765
19899766
19901091
19902954
19904934
19906467
19906529
19906530
19908836
19908840
19908842
19911771
19911821
19914063
19914064
19914076
19914828
19914829
19914832
19914836
19916508
19916554
19919087
19924997
19926282
19926360
19926363
19926477
19931453
19932528
19932960
19932965
19933795
19933797
19939518
19939683
19942441
19945196
19945867
19945869
19945870
19945871
19945875
19947601
19948404
19949058
19951839
19954435
19954867
19954970
19954971
19954973
19954975
19957930
19957931
19959358
19959360
19959361
19959367
19961222
19962319
19962796
19962893
19963375
19963381
19963384
19963390
19966789
19968288
19968566
19969400
19969452
19969453
19969454
19969455
19969456
19969458
19969459
19994845
19995674
20000418
20000419
20000469
20000679
20000735
20004096
20004097
20004572
20004577
20005097
20005099
20005102
20005710
20005724
20006497
20006500
20006931
20014777
20014868
20014869
20014894
20015646
20015648
20017493
20020776
20022493
20022494
20022497
20022498
20022504
20022510
20022747
20022748
20022749
20022752
20025280
20025281
20028081
20028100
20028400
20028820
20028980
20030405
20031401
20031403
20031405
20031406
20031408
20031411
20031417
20031422
20033049
20034787
20034789
20036119
20036121
20036446
20036536
20036564
20038105
20038108
20041717
20043678
20043696
20045222
20045315
20045316
20045318
20045320
20045321
20045638
20045640
20045647
20045650
20047277
20050669
20053484
20053558
20053559
20053561
20053779
20055416
20055418
20055425
20055426
20055427
20055453
20056426
20056540
20056541
20056543
20056549
20058865
20060294
20061146
20061157
20061161
20064717
20065056
20067290
20067291
20071057
20071169
20071170
20074837
20078117
20078138
20079636
20080412
20081827
20081828
20088516
20088534
20089400
20089401
20089402
20092323
20093027
20095622
20095623
20096577
20096591
20097066
20097068
20097072
20097073
20097074
20097079
20097082
20097083
20097563
20097565
20099888
20100660
20102150
20102207
20108931
20116265
20116906
20117004
20121113
20121196
20121197
20121198
20122837
20123154
20128594
20128595
20128596
20129718
20129783
20129792
20131864
20131905
20137932
20137933
20137940
20137942
20137943
20137944
20137956
20138512
20138514
20138518
20138520
20138761
20141146
20143778
20143779
20144545
20144546
20144869
20145085
20146435
20146479
20146483
20148563
20148564
20149498
20149649
20149653
20149654
20149656
20149658
20149663
20149664
20151639
20151677
20153089
20153187
20153188
20153204
20153643
20153645
20153648
20153651
20154666
20155918
20163116
20163895
20166671
20166697
20167481
20167486
20167803
20170098
20170165
20170186
20171887
20171894
20172717
20172725
20176482
20176490
20180533
20180542
20184326
20184336
20185308
20185309
20185317
20185318
20188550
20188551
20188552
20188553
20188577
20189385
20189399
20189807
20189816
20196613
20199087
20201556
20202722
20202837
20202839
20202853
20206513
20206532
20207537
20209559
20211561
20218619
20218621
20218622
20218623
20218625
20219371
20222714
20223566
20223662
20223663
20227880
20231095
20231096
20235688
20236823
20236824
20236826
20299216
20299219
20299220
20302301
20302302
20303263
20303626
20303751
20303767
20304535
20304642
20304656
20307063
20307980
20308072
20308379
20308384
20334367
20337371
20338758
20346654
20346655
20346656
20346664
20347297
20347317
20347318
20347593
20349977
20350806
20350807
20350811
20356098
20356304
20356305
20356741
20359891
20361800
20361801
20363126
20363128
20363144
20363625
20363627
20363629
20363633
20363636
20363638
20364863
20369879
20371180
20378346
20378347
20378348
20380377
20380423
20382527
20382529
20384315
20384317
20384344
20392637
20392638
20392639
20395140
20395149
20399649
20399651
20399652
20400309
20402514
20403693
20403696
20403700
20404117
20404126
20405848
20405922
20405925
20405928
20408530
20408551
20408553
20409721
20413308
20413312
20413313
20416509
20420387
20420456
20421396
20423086
20423107
20426416
20426422
20426425
20427184
20429511
20430618
20430619
20430629
20430631
20433142
20434334
20434817
20434913
20438064
20441173
20443227
20450197
20451378
20451397
20452209
20452222
20452224
20452226
20452227
20452228
20452776
20455563
20455574
20457518
20457522
20457528
20457823
20459125
20462211
20462213
20462263
20462757
20462760
20462762
20465278
20466465
20466555
20471253
20471256
20471260
20471829
20472330
20472428
20472429
20472431
20472432
20472433
20472438
20472439
20472440
20472442
20472445
20472447
20476738
20478708
20481438
20481485
20481595
20481631
20483599
20483602
20483603
20483605
20483606
20483608
20483611
20483612
20486930
20488589
20488702
20488704
20491477
20491506
20493592
20493688
20493691
20493695
20493697
20494585
20503967
20503979
20503989
20510621
20513156
20516278
20516287
20521884
20527888
20527891
20527892
20527952
20527970
20529682
20529684
20529685
20536182
20537533
20537545
20537765
20538457
20538467
20540517
20540535
20541404
20542427
20542703
20547452
20547453
20547794
20547817
20550118
20550212
20553023
20553118
20554082
20554206
20557054
20558072
20558073
20560643
20561787
20561788
20561789
20565110
20565112
20566291
20566292
20566771
20568780
20568782
20570147
20570148
20570156
20570526
20570527
20573506
20573509
20575553
20575555
20576329
20576432
20576573
20576577
20579874
20579890
20580138
20580231
20580552
20580561
20583856
20584604
20584609
20586421
20586493
20590088
20590092
20591666
20594839
20594840
20594841
20594845
20594847
20594862
20597484
20597485
20598534
20598552
20598553
20598554
20598780
20598880
20598892
20604564
20604568
20605094
20605448
20605451
20605472
20606069
20609585
20610152
20614889
20614940
20615583
20615692
20615693
20615694
20615696
20615699
20615710
20617791
20619644
20620058
20620059
20621473
20621477
20621478
20621485
20621496
20621724
20621725
20621728
20624682
20625148
20626411
20627559
20627562
20627564
20627591
20627594
20627722
20630752
20630754
20630765
20634066
20634068
20634071
20637529
20637612
20637613
20637634
20637636
20638280
20638281
20638287
20638755
20638756
20638757
20638844
20639113
20643547
20650633
20650636
20650640
20650641
20655209
20655210
20655211
20655213
20655237
20655626
20656487
20656488
20656495
20659799
20659804
20660667
20662543
20663669
20666371
20666458
20667729
20667734
20667740
20667741
20667742
20669927
20669972
20672820
20673630
20673717
20673718
20673724
20673729
20674350
20674351
20674352
20674354
20674356
20674368
20675132
20675133
20675134
20675137
20678931
20681538
20682786
20684549
20684591
20684592
20684597
20684598
20684602
20684603
20684604
20684605
20684608
20684610
20684859
20685118
20685126
20688518
20690643
20690647
20691338
20691509
20691589
20692174
20692738
20692829
20692836
20696580
20696872
20698542
20702005
20708407
20708408
20708929
20708937
20709544
20709545
20709547
20709552
20709553
20712346
20715818
20718420
20718423
20718494
20722422
20724038
20724152
20724153
20724155
20727743
20727748
20727749
20727750
20727752
20727753
20728251
20728350
20728352
20728356
20728358
20728368
20729082
20729091
20729870
20731357
20731359
20731374
20732812
20732813
20735042
20797855
20797858
20797871
20800322
20800479
20800480
20800482
20800483
20800486
20801030
20801032
20801033
20801551
20801557
20804198
20804202
20806783
20807771
20809633
20810192
20810279
20813526
20813534
20813948
20817362
20817449
20817450
20817473
20817518
20817523
20817538
20817735
20822181
20822903
20822905
20822912
20823284
20825218
20828158
20828889
20832301
20832304
20832306
20832307
20833038
20833041
20833042
20833055
20833542
20833546
20833547
20833551
20836557
20839775
20839777
20843686
20843687
20843690
20850301
20850304
20850969
20853847
20855207
20855211
20855212
20855214
20860370
20860527
20864343
20864344
20866075
20869872
20869873
20870413
20873740
20873795
20875738
20875743
20879744
20880704
20880712
20882962
20884092
20884208
20886838
20888224
20888225
20888765
20889239
20889341
20889348
20919678
20921316
20925433
20926163
20926294
20929256
20931963
20931971
20931980
20932746
20932747
20932750
20932759
20933409
20933410
20933411
20933412
20933413
20933414
20933415
20933416
20934332
20934334
20934335
20934336
20934337
20934342
20934343
20934345
20934346
20934874
20936789
20936791
20937560
20937561
20939540
20942471
20943391
20943405
20945905
20945906
20947349
20947360
20947361
20947362
20951036
20951039
20951583
20951595
20952195
20952196
20954731
20958055
20959871
20961062
20961149
20961755
20961756
20961766
20965724
20965726
20965738
20965739
20970223
20970329
20970346
20970895
20971004
20971005
20971641
20971647
20974503
20974532
20974533
20977238
20980154
21033679
21035331
21035332
21035334
21035336
21035337
21035339
21036040
21036042
21036044
21038853
21040495
21041084
21041086
21041096
21044840
21044843
21044846
21045201
21047126
21050754
21050755
21050767
21051230
21053897
21054237
21055613
21055935
21055936
21055952
21058665
21062009
21067234
21067921
21067924
21067930
21068193
21070043
21071231
21071232
21074294
21074425
21074430
21074434
21074994
21080629
21080630
21080647
21080703
21080724
21082766
21082864
21084189
21087193
21087862
21087867
21090682
21093113
21093114
21093117
21093273
21094046
21094047
21094608
21095126
21105658
21105682
21105711
21106277
21106374
21106375
21106380
21106451
21106456
21109332
21109434
21111619
21112780
21112782
21114293
21115251
21116447
21118801
21123062
21123066
21123068
21126002
21126019
21126020
21126094
21126876
21128593
21128594
21128646
21128663
21129963
21129965
21129981
21129983
21134748
21134749
21138246
21138273
21138280
21141896
21142106
21144746
21144749
21144750
21144757
21145236
21145737
21145740
21146408
21146988
21146989
21147531
21147532
21155605
21159515
21163660
21167721
21168329
21169023
21171894
21174408
21174434
21177105
21177485
21183343
21183353
21183355
21185110
21185187
21185626
21185721
21185722
21186793
21186796
21189019
21189020
21189039
21190368
21190849
21192659
21193311
21194227
21194953
21194954
21195610
21195614
21195616
21207958
21208801
21208803
21210664
21211969
21211972
21211973
21211980
21215619
21215624
21215625
21216144
21216595
21218783
21218817
21226494
21227690
21227703
21227704
21229977
21232950
21232954
21232956
21235241
21236521
21236667
21236668
21236687
21237643
21237663
21241056
21243039
21247762
21251821
21251822
21251824
21251825
21251828
21256005
21256008
21256757
21257308
21265542
21269824
21269825
21269826
21269827
21269829
21269836
21270126
21272964
21273063
21273066
21273067
21273069
21275368
21275386
21277198
21277783
21280601
21280624
21282054
21282055
21282059
21288717
21288726
21289073
21289076
21292481
21292493
21295466
21295467
21295469
21295471
21295478
21295891
21295979
21300544
21300545
21300546
21300547
21300721
21306895
21306896
21306906
21310608
21310609
21310612
21310613
21314129
21314246
21315584
21315587
21315588
21315612
21316218
21316221
21316223
21316225
21316226
21316229
21316232
21316233
21316248
21316961
21316976
21318094
21319773
21319802
21320777
21322566
21323313
21324682
21324688
21324691
21324702
21324704
21330134
21332115
21332118
21332213
21334204
21334791
21334796
21334894
21334901
21341673
21341675
21341678
21341682
21341743
21341744
21344906
21344920
21345544
21345672
21345683
21349729
21353350
21353541
21353545
21353546
21353551
21353571
21353776
21353782
21354674
21354792
21354800
21356569
21361354
21363918
21366266
21366329
21366332
21370884
21371895
21375264
21375347
21376583
21376585
21376605
21377369
21377770
21377772
21379374
21381754
21381763
21381769
21382717
21384875
21385662
21388136
21388141
21388719
21388807
21388809
21391610
21391686
21392984
21392988
21392990
21392991
21395315
21397370
21397497
21397499
21397501
21397504
21397508
21398121
21398123
21398124
21402476
21405128
21410186
21411321
21412406
21413798
21413799
21413800
21413804
21413808
21414779
21414782
21417225
21417417
21417464
21419626
21420760
21420856
21420862
21420866
21420867
21420869
21421310
21421315
21422192
21425851
21428449
21429745
21429746
21429753
21429754
21435873
21435890
21438541
21438571
21438579
21439476
21439692
21439694
21439819
21439822
21441024
21441027
21443195
21443196
21443205
21443219
21444206
21446702
21447734
21449566
21449597
21449606
21449619
21450467
21453996
21454075
21458257
21459491
21459572
21459579
21470859
21470860
21474311
21476569
21482467
21482471
21486698
21488662
21489787
21489792
21493063
21493064
21493065
21493067
21495671
21495689
21495716
21497425
21497958
21498080
21499541
21500862
21503265
21504156
21506569
21507633
21507637
21511472
21511945
21513292
21513882
21514152
21514702
21514824
21514825
21514827
21515045
21515047
21515053
21515054
21515056
21515057
21517059
21520940
21524149
21524576
21530278
21531055
21534527
21534860
21536432
21536437
21536438
21539312
21545152
21548582
21549456
21549597
21550236
21550240
21555221
21561086
21561152
21561155
21561767
21561770
21561771
21561780
21563750
21565497
21565498
21565499
21565500
21570282
21570283
21570287
21570308
21570309
21570310
21570835
21570840
21570844
21571536
21571537
21572589
21574568
21576023
21591611
21591694
21592788
21592791
21595493
21596573
21599003
21600681
21602043
21602044
21604762
21605975
21608528
21612232
21612924
21615078
21615130
21615147
21615150
21617763
21620531
21620536
21620699
21620713
21621312
21621413
21621998
21621999
21623630
21627121
21632243
21632247
21634377
21634396
21636270
21636271
21641209
21641210
21641215
21641217
21641696
21641796
21644529
21644570
21650152
21650160
21650221
21650457
21657202
21658961
21661758
21661760
21664010
21664132
21664823
21664824
21665482
21665484
21666860
21669521
21669522
21669525
21669528
21669533
21671327
21679053
21680062
21680183
21682298
21684157
21684737
21688779
21689932
21689935
21692479
21696174
21696866
21696951
21696952
21696967
21699136
21699209
21700210
21705115
21705217
21705219
21705223
21707078
21708465
21711014
21711053
21715067
21715165
21715177
21719283
21719286
21723123
21724391
21724392
21724393
21724404
21726069
21726077
21733692
21733693
21737263
21739938
21741839
21741847
21742494
21742496
21742506
21745700
21752640
21752643
21752655
21755948
21757345
21757356
21757360
21763134
21764305
21764307
21764322
21764580
21767953
21770859
21774512
21775140
21775152
21777010
21777011
21777997
21777998
21778064
21780742
21780776
21780790
21782426
21782428
21782431
21782432
21782433
21782453
21783360
21783361
21786805
21788134
21788137
21788139
21795044
21797275
21798635
21798738
21798739
21798748
21800856
21802292
21802293
21802943
21802948
21803461
21803580
21803585
21807507
21807515
21809851
21812414
21813275
21815634
21820216
21820898
21821413
21823597
21823616
21823617
21824776
21824777
21824779
21824780
21827183
21835616
21838322
21838328
21840215
21840711
21840994
21843935
21843937
21843941
21843945
21846089
21846139
21851057
21851064
21851087
21851094
21852130
21852133
21855335
21855338
21855349
21855351
21859094
21862328
21862336
21863889
21865048
21866910
21868137
21870878
21871798
21872971
21873050
21873051
21873057
21873061
21874153
21875805
21880399
21880707
21882820
21882832
21885275
21885287
21888439
21890358
21899292
21899332
21899930
21903387
21903390
21903392
21903399
21906941
21906954
21907579
21907583
21908190
21911290
21911291
21911297
21916421
21916510
21917454
21919481
21920744
21920746
21920748
21920751
21920764
21920766
21920767
21923104
21923116
21924609
21924610
21924902
21924903
21925773
21925880
21925884
21925885
21925887
21925889
21927645
21928839
21930376
21930388
21936542
21937153
21937229
21942426
21944381
21944852
21944853
21944854
21944855
21944858
21945251
21945283
21945284
21950657
21955276
21955939
21955943
21958540
21958544
21958546
21958547
21958737
21958738
21963115
21963348
21963985
21963986
21966889
21966980
21967808
21968372
21974949
21974952
21974956
21975069
21978672
21978675
21978680
21978683
21978946
21978950
21981714
21981981
21982494
21982499
21982500
21982796
21982797
21983439
21983442
21983444
21983447
21986585
21986586
21988093
21988196
21992176
21992804
21996517
21996518
21996520
21999461
21999508
22000924
22000936
22000948
22001028
22001029
22001090
22001092
22001093
22003817
22004718
22004849
22005185
22007704
22014228
22014547
22014548
22014549
22014550
22014551
22014755
22018461
22018789
22018790
22018876
22018877
22019046
22019188
22019465
22019466
22019468
22023459
22024030
22024272
22027102
22030028
22031623
22033460
22037047
22039836
22040023
22041058
22041171
22041175
22044119
22044621
22047688
22047692
22047802
22050263
22056746
22059882
22061640
22061644
22061645
22061826
22070604
22070629
22071299
22071301
22071522
22071524
22071527
22077347
22077416
22078215
22078216
22078410
22079027
22079757
22079761
22082667
22085339
22085405
22087750
22088307
22091869
22094028
22100140
22100142
22100261
22100312
22101132
22101133
22104145
22104971
22106171
22106937
22107017
22107736
22111927
22112538
22112540
22112541
22113110
22115592
22115618
22118829
22119153
22119462
22119465
22119469
22119472
22119475
22123324
22125025
22125662
22130130
22130133
22130135
22130420
22133902
22136336
22136433
22136469
22137341
22137342
22137345
22137785
22137788
22137790
22137932
22137934
22138308
22141319
22142540
22142542
22148193
22148253
22148278
22148323
22148349
22148921
22148957
22153339
22153340
22153342
22153347
22153662
22153937
22153941
22154349
22154762
22154891
22165858
22165909
22168626
22168797
22168824
22168898
22169260
22169261
22169262
22169263
22169601
22171543
22172309
22172695
22172700
22175825
22177405
22177407
22177783
22177784
22178188
22182498
22182499
22185522
22185619
22185640
22185670
22189136
22189137
22191331
22192588
22196117
22196123
22196124
22196515
22197136
22197137
22197139
22197143
22197391
22200345
22202172
22204902
22204912
22205779
22207054
22209206
22209272
22209458
22209462
22209731
22217874
22220592
22221201
22222034
22222036
22222157
22224594
22224640
22225633
22225635
22225636
22226656
22227210
22227212
22227462
22230050
22230199
22233320
22233540
22236250
22236472
22239221
22239250
22239408
22239545
22243413
22244937
22247788
22248236
22248262
22257026
22257213
22257528
22260203
22260770
22261023
22261024
22263837
22263872
22263894
22263917
22263962
22264015
22264115
22264170
22264475
22264479
22264481
22264484
22264488
22264754
22266038
22266039
22267981
22269276
22269278
22276570
22276953
22277094
22280363
22280453
22280816
22280820
22282722
22283377
22284361
22284362
22284817
22285172
22290075
22290077
22297111
22300659
22300660
22300661
22300886
22301213
22304847
22305584
22305612
22306122
22309208
22309250
22309912
22310227
22310229
22313242
22315332
22318156
22318159
22318160
22320327
22320343
22320388
22320402
22321213
22321214
22321215
22325154
22325155
22325942
22325943
22325946
22325948
22325951
22326163
22326168
22328583
22330633
22330635
22331994
22335519
22335555
22335895
22335897
22336246
22336247
22339166
22339433
22339472
22339993
22341243
22341941
22341942
22342124
22342143
22342144
22342147
22342267
22342268
22342625
22352892
22356319
22360565
22360587
22361133
22361134
22361135
22361685
22364528
22365563
22365751
22365755
22365761
22365762
22365911
22366653
22366654
22366656
22366657
22368763
22369181
22369268
22370269
22370270
22370337
22370338
22370340
22372816
22372864
22373734
22374217
22376008
22377519
22377673
22377674
22380511
22380629
22380680
22380736
22380779
22381357
22385507
22386242
22386244
22386260
22386527
22386529
22386564
22386980
22390538
22394077
22394120
22401672
22401863
22401864
22404301
22404346
22404396
22404847
22405288
22405649
22409598
22409629
22409666
22413845
22417091
22418280
22420844
22420884
22421276
22424239
22424978
22424979
22425453
22429469
22432682
22437109
22437115
22437117
22439843
22439974
22443115
22443141
22444679
22444683
22444684
22444685
22444875
22445674
22446520
22449016
22449023
22450127
22450128
22450130
22450133
22452518
22455312
22458531
22459212
22460033
22464132
22464458
22464687
22465635
22465636
22465637
22468684
22468751
22468936
22469702
22469703
22472167
22475216
22475557
22475558
22475866
22480850
22483390
22483584
22483608
22483609
22483635
22486710
22487176
22487182
22489897
22494098
22497444
22497760
22497762
22497764
22500954
22503231
22503248
22503250
22503362
22503453
22506091
22506516
22506594
22507964
22512696
22516672
22520259
22520630
22521646
22522748
22524250
22524426
22524450
22531045
22533316
22533818
22533905
22533986
22534450
22536944
22536986
22537178
22540945
22540974
22541068
22541394
22542012
22542107
22542194
22543026
22545772
22545924
22546204
22546671
22546675
22548342
22548365
22551018
22554206
22559926
22560473
22560567
22560838
22564207
22572578
22572583
22575050
22575532
22575869
22578458
22578490
22579486
22579487
22579620
22583019
22583669
22583779
22587443
22587986
22591317
22591402
22591441
22591648
22593037
22594690
22595173
22595175
22595176
22607152
22607231
22607668
22607669
22607673
22607675
22607677
22607682
22607684
22607880
22608391
22608962
22608963
22608965
22612866
22617490
22621397
22621623
22621689
22626259
22626654
22632933
22632936
22633008
22633692
22642300
22642319
22645092
22647217
22647219
22650177
22650325
22651823
22652053
22652225
22652254
22658862
22659092
22662287
22663155
22668600
22672799
22672803
22676210
22676247
22677316
22677317
22677319
22679214
22682919
22687439
22687744
22688609
22689580
22691057
22694093
22694147
22695126
22695131
22695132
22695182
22696418
22697905
22698084
22698785
22703704
22704236
22704887
22704921
22705188
22705189
22705191
22707871
22708876
22711749
22715973
22721713
22724433
22724510
22726925
22726929
22726931
22726934
22727369
22727371
22727372
22727447
22727637
22727639
22727640
22727779
22732695
22734674
22738630
22738633
22738638
22738639
22739087
22739090
22742641
22746295
22748705
22749189
22749190
22749282
22749391
22749419
22749420
22749640
22749870
22749871
22754607
22758660
22763201
22763369
22765893
22765894
22765900
22766219
22770500
22770529
22770608
22770609
22771008
22771009
22771232
22775318
22775345
22775474
22779424
22779702
22780914
22780961
22784008
22784640
22788843
22788964
22789707
22793255
22793372
22793665
22795331
22795332
22795629
22795665
22796349
22800535
22801643
22801646
22803662
22803959
22808911
22809106
22809456
22809559
22813531
22815313
22818082
22818848
22818971
22819191
22819764
22819766
22819942
22824761
22824762
22827572
22827615
22831801
22832311
22832315
22834877
22835870
22835872
22836190
22840695
22845329
22849615
22849725
22850208
22850212
22853993
22853995
22853997
22853998
22854195
22854677
22858098
22858099
22858141
22858142
22861193
22861813
22863202
22863204
22863529
22867097
22867529
22876881
22876979
22877085
22877157
22877629
22877630
22877632
22877633
22877871
22881866
22882079
22882119
22883026
22883029
22884354
22884988
22884989
22884991
22889281
22889803
22891645
22891752
22892116
22892213
22894736
22894757
22897496
22897589
22897945
22901388
22901389
22901392
22901670
22902653
22902656
22905713
22909088
22910137
22910138
22913487
22917519
22921279
22921743
22924342
22924434
22924688
22924734
22924785
22924815
22926067
22928914
22928944
22929231
22929232
22930276
22931505
22932312
22932313
22932315
22934575
22938030
22938786
22939696
22942319
22944334
22944772
22946614
22949627
22950366
22950983
22951114
22954357
22954737
22954899
22957724
22959246
22959247
22959248
22963052
22966938
22967811
22974355
22975301
22975593
22978824
22980219
22981333
22982525
22982527
22983304
22984634
22984809
22984865
22984987
22985112
22985853
22985959
22989333
22989533
22989910
22989912
22989913
22994608
22994852
22995617
22995624
22995819
22996261
23006064
23006603
23006639
23009151
23009203
23009245
23010262
23010266
23010268
23010269
23010274
23010455
23013292
23013933
23017051
23017888
23018095
23021342
23021994
23022281
23025719
23025996
23025999
23031590
23031591
23031648
23031649
23036333
23036952
23039927
23040895
23041041
23041347
23041456
23043222
23043420
23043430
23043539
23044371
23046960
23046961
23046966
23047001
23047224
23047226
23047230
23058883
23058884
23059543
23061607
23061660
23062711
23062825
23063403
23063566
23066449
23067344
23067387
23067554
23072213
23072865
23072866
23074541
23075267
23078755
23078965
23079519
23082860
23083093
23083119
23084277
23084899
23084902
23084905
23085105
23088498
23088521
23088558
23088644
23092194
23092389
23098091
23098265
23098566
23098606
23098607
23099093
23099099
23102653
23103095
23106358
23106386
23107482
23107667
23116168
23116186
23116889
23116892
23117174
23119123
23121075
23121096
23122522
23122818
23122820
23122821
23122857
23122859
23122934
23122937
23123016
23123017
23123728
23124211
23124213
23124215
23126626
23126648
23127888
23127890
23130626
23131412
23131541
23131542
23132334
23140358
23141418
23141909
23141911
23141912
23141914
23142320
23142615
23145773
23145854
23146282
23147075
23147077
23148598
23149228
23149230
23151054
23151085
23151473
23153330
23153798
23153812
23159038
23164706
23164711
23165001
23167554
23167654
23168081
23176597
23177785
23177789
23181552
23182090
23182216
23195732
23199076
23199476
23199477
23199480
23199483
23200247
23200251
23200253
23200255
23200256
23202848
23206863
23206867
23206986
23207409
23207410
23207411
23214471
23214499
23214944
23214979
23218470
23218601
23218605
23218714
23218716
23218778
23219324
23219701
23219856
23220641
23227781
23234607
23237384
23237836
23237837
23237838
23237976
23240776
23241068
23243487
23245311
23245515
23245570
23245802
23249297
23252711
23252745
23253441
23253443
23256532
23260347
23260350
23262035
23265875
23265889
23265892
23265894
23265898
23265902
23265903
23265904
23266122
23266178
23266186
23270382
23270988
23273219
23273517
23273520
23273606
23273608
23275831
23276450
23279865
23281812
23281824
23284082
23287054
23287057
23288867
23290254
23293738
23294220
23294255
23294348
23294702
23294826
23294829
23294830
23301637
23301703
23301767
23301792
23301853
23302067
23305709
23305921
23305922
23306052
23306054
23312471
23312472
23312474
23312943
23312949
23313244
23314045
23314046
23316863
23316926
23317569
23317570
23317571
23318904
23318905
23320547
23323951
23324405
23330848
23330908
23332369
23333207
23333208
23333209
23336033
23344796
23347683
23350733
23350811
23350847
23352510
23352754
23352768
23353736
23353741
23355637
23357627
23357636
23360215
23360239
23360348
23362959
23363020
23363058
23368907
23369538
23371965
23371966
23374866
23374868
23374869
23375091
23375226
23375227
23375793
23375794
23376011
23376251
23378626
23379567
23379595
23380375
23380376
23380475
23385211
23386702
23391306
23391336
23391364
23391365
23391589
23394126
23394180
23394205
23394218
23394791
23394864
23395110
23395652
23395659
23395660
23395662
23395967
23396419
23398373
23398453
23398496
23402879
23402880
23403086
23403296
23406460
23410005
23410798
23411080
23412139
23414801
23414803
23414807
23414838
23414845
23415084
23415087
23416002
23416006
23421315
23425156
23428155
23429054
23432095
23433667
23433668
23434133
23434140
23434422
23434636
23434638
23437776
23438330
23441572
23442188
23445448
23445471
23448267
23448281
23448346
23451760
23452331
23453069
23453070
23453838
23453840
23454514
23454515
23454516
23454529
23455058
23458846
23462713
23462715
23463940
23466233
23466604
23466605
23470190
23470217
23471898
23473235
23473363
23473682
23473947
23474386
23477365
23477419
23477941
23477943
23477945
23478147
23478148
23481643
23481647
23481650
23484434
23489619
23489629
23490152
23496828
23498914
23498916
23498918
23499238
23501112
23501116
23506825
23509904
23509991
23511020
23517069
23517145
23517538
23517721
23517722
23519677
23521080
23527738
23528298
23528300
23530623
23530754
23534442
23535326
23535327
23535330
23535563
23540646
23540648
23540790
23541651
23541670
23541833
23541836
23545108
23545138
23547584
23547775
23547843
23550937
23560650
23562059
23562062
23562243
23562594
23566269
23566315
23566514
23566515
23566517
23566759
23566764
23567958
23570514
23570561
23570792
23571415
23578312
23581551
23582272
23582273
23583911
23584542
23587422
23587423
23587425
23590342
23591111
23594271
23597047
23597064
23597790
23597791
23598247
23601708
23602398
23602399
23602524
23602525
23606927
23611656
23611691
23611766
23611771
23614352
23614460
23614497
23617784
23618709
23623256
23623418
23623673
23623674
23623677
23627282
23627295
23627352
23628333
23628336
23628470
23631755
23634668
23634759
23639540
23642479
23642482
23644189
23644196
23644210
23647428
23647823
23651359
23651455
23656407
23659183
23659214
23659858
23662903
23663316
23664099
23664211
23664215
23664871
23664876
23664879
23664880
23665143
23668331
23668484
23668988
23672613
23672640
23672690
23676086
23679862
23679915
23679955
23680444
23683589
23683835
23684893
23685174
23685572
23685886
23688254
23688695
23692593
23693150
23701517
23706268
23707259
23707918
23707920
23711919
23713567
23713606
23718540
23718637
23721803
23725560
23725591
23726031
23726034
23726345
23727045
23731360
23735282
23735744
23735828
23742252
23742272
23742639
23746300
23746475
23747226
23747805
23747808
23756063
23758584
23768905
23768906
23768909
23769167
23769640
23769643
23769654
23770450
23773397
23773865
23775891
23777401
23777778
23777782
23777825
23777898
23790539
23790540
23790722
23791076
23792351
23795239
23795241
23795283
23796453
23800686
23803221
23806111
23806553
23806555
23808327
23808489
23810496
23810497
23810672
23810673
23810674
23810675
23811088
23811091
23812503
23814642
23815100
23815159
23815186
23816042
23816044
23819803
23820386
23820574
23824585
23827177
23828198
23829483
23829517
23829549
23830504
23831134
23835447
23837744
23837797
23838260
23842474
23842519
23845218
23845219
23845220
23845281
23849206
23849879
23850198
23850203
23855836
23856049
23859074
23859149
23859774
23860591
23860593
23864660
23865683
23865723
23867165
23867386
23867389
23867602
23869452
23870430
23871442
23871903
23871907
23871912
23875972
23879381
23879463
23880081
23880542
23886688
23886807
23890837
23895492
23895532
23895630
23896611
23897821
23899248
23899323
23899349
23899618
23899657
23900004
23905680
23906342
23906422
23909910
23910595
23910989
23911197
23914798
23914900
23916254
23916257
23916259
23917087
23919824
23920437
23920481
23920485
23927683
23927973
23927974
23930152
23930994
23932451
23932788
23932790
23932792
23933045
23937569
23937979
23938052
23941108
23941661
23942421
23944386
23947685
23947754
23953689
23957301
23957390
23957426
23962660
23964740
23964788
23964961
23964991
23965175
23968485
23968551
23968711
23972441
23973211
23974014
23974021
23977883
23978358
23981897
23981898
23981939
23984975
23985689
23988352
23988354
23988356
23988412
23988485
23991897
23992859
23993330
23993333
23993334
23993670
23993776
23994324
23994326
23994329
23994869
23997923
23999040
24007511
24007918
24012121
24012123
24012182
24012370
24012376
24012377
24013413
24015327
24015767
24021581
24021582
24025027
24025069
24032981
24035092
24035485
24036043
24042005
24042006
24042009
24044867
24044937
24047141
24047800
24050755
24050887
24053596
24054120
24054487
24055006
24055075
24055076
24055078
24059701
24060488
24063369
24063907
24069953
24071447
24073326
24073986
24074025
24075145
24075732
24077526
24079820
24080463
24084160
24090135
24090311
24090602
24090912
24090918
24091080
24091081
24093940
24094818
24095015
24095016
24095755
24095757
24095761
24099035
24099080
24099220
24099995
24100158
24102134
24102161
24103428
24103430
24107081
24119557
24120540
24120542
24124898
24124919
24125851
24125884
24128000
24131218
24131420
24131448
24133210
24134904
24135727
24138939
24138940
24139167
24139169
24139583
24139584
24139940
24140951
24144848
24147825
24148325
24148835
24148991
24148993
24152295
24153205
24157366
24158015
24160297
24161834
24164513
24164628
24165164
24169316
24171493
24171924
24175584
24176395
24176400
24177367
24182233
24183538
24184076
24185375
24185379
24187998
24188002
24188023
24189056
24194519
24195668
24195762
24200125
24200193
24210500
24210501
24210504
24211162
24211633
24211637
24211642
24215819
24215891
24216094
24219778
24220173
24224729
24225950
24237160
24237195
24239188
24239189
24239623
24252545
24252546
24256217
24256330
24261862
24261937
24262883
24262886
24262887
24266880
24268551
24269162
24269479
24275349
24279689
24287382
24287559
24287560
24290062
24291042
24291567
24292338
24294923
24294969
24294985
24299463
24300918
24300919
24304150
24304238
24304387
24313801
24314394
24314397
24316668
24321345
24324854
24325601
24328103
24328302
24331756
24332088
24332089
24332487
24332627
24332657
24332658
24345481
24350995
24351031
24354316
24354345
24354364
24355348
24356970
24359159
24359185
24359257
24360556
24360557
24360562
24360604
24360824
24361187
24363888
24364476
24368208
24368209
24370012
24373735
24373842
24374271
24374272
24374347
24376907
24387105
24387159
24387221
24388807
24389511
24392688
24393039
24393583
24396570
24397558
24398298
24398380
24398382
24398385
24400806
24403173
24405333
24405419
24405701
24405703
24411123
24411125
24411199
24411201
24412066
24412069
24412070
24412072
24412339
24412498
24417533
24417566
24418773
24418776
24422519
24422530
24422550
24424134
24424304
24428186
24432384
24432870
24432909
24433859
24433862
24433863
24433964
24437735
24439847
24440298
24440378
24440479
24440480
24444054
24445311
24447275
24447850
24456578
24457265
24461292
24461298
24461299
24461352
24461353
24461561
24461562
24462666
24462667
24463645
24466406
24468632
24469112
24470841
24471412
24471437
24471493
24471873
24472039
24486134
24486414
24491459
24494061
24495105
24495846
24497639
24502334
24502897
24506830
24507827
24507918
24507921
24508129
24508133
24508134
24508141
24512187
24512267
24513042
24513046
24513048
24513184
24513186
24517248
24517277
24518190
24520856
24520947
24520998
24521209
24524217
24525003
24527792
24529308
24530031
24530227
24531199
24533839
24534486
24534487
24547899
24555570
24556379
24556381
24559051
24560539
24560540
24560737
24560738
24560739
24561716
24565573
24565972
24568185
24568313
24568342
24568372
24568559
24568657
24569110
24571165
24576797
24580531
24582987
24583353
24583357
24588961
24588963
24589484
24589487
24589511
24592859
24594354
24601644
24601669
24602401
24602787
24602792
24607877
24608000
24610996
24611879
24611893
24612767
24613052
24613457
24613625
24613627
24618302
24629448
24630411
24630412
24630562
24630693
24631188
24631359
24631365
24631895
24631898
24641103
24641677
24642566
24648867
24649802
24650640
24650641
24650702
24654886
24656565
24656662
24657053
24660051
24660890
24666203
24666646
24670009
24673130
24675381
24677340
24678947
24681066
24681981
24681986
24684213
24684270
24684843
24685539
24685542
24686016
24689770
24689792
24689821
24690494
24690529
24694055
24694071
24697244
24697269
24697290
24703463
24704031
24704197
24704618
24712661
24712915
24713308
24719329
24721831
24726305
24726806
24731277
24731281
24735644
24735646
24739388
24742150
24745969
24746465
24751445
24754609
24754640
24754677
24755426
24755427
24755431
24758147
24758746
24763264
24763362
24767842
24767850
24773054
24773549
24773565
24779514
24780121
24780593
24780598
24782313
24785301
24785705
24786585
24792774
24792811
24792813
24793360
24793884
24794103
24794104
24794105
24794107
24794743
24794744
24794746
24794747
24798019
24799086
24801499
24801997
24803362
24805037
24809814
24809953
24811300
24813730
24813734
24813737
24813741
24813742
24813882
24814197
24815000
24815508
24815509
24815510
24819954
24831693
24831826
24835197
24835202
24835788
24835983
24836072
24840014
24842618
24846781
24848155
24850589
24852275
24853323
24856059
24856061
24856064
24856068
24856185
24857777
24858540
24858546
24864038
24867403
24871036
24871996
24874895
24878193
24878360
24878638
24880232
24880902
24881565
24881566
24882675
24882676
24883177
24890090
24890653
24893124
24899257
24900206
24900209
24900213
24900218
24900229
24900231
24900233
24900235
24900236
24900237
24900240
24900242
24900243
24900244
24900247
24900250
24900252
24900253
24900258
24900262
24900263
24900264
24900266
24900267
24900268
24900269
24900270
24900280
24900281
24900283
24900289
24900293
24900295
24900298
24900301
24900302
24900305
24900317
24900320
24900321
24900325
24900329
24900330
24900331
24900334
24900345
24900346
24900357
24900358
24900359
24900361
24900364
24900367
24900372
24900375
24900376
24900380
24900381
24900382
24900385
24900387
24900394
24900396
24900397
24900399
24900403
24900404
24900406
24900407
24900417
24900419
24900421
24900424
24900425
24900427
24900428
24900432
24900435
24900436
24900437
24900440
24900442
24900443
24900445
24900447
24900454
24900455
24900456
24900457
24900464
24900478
24900480
24900481
24900482
24900485
24900486
24900487
24900500
24900504
24900510
24900514
24900519
24900537
24900538
24900540
24900544
24900546
24900556
24900557
24900560
24900561
24900562
24900564
24900567
24900568
24900569
24900571
24900572
24900590
24900593
24900603
24900610
24900621
24900625
24900626
24900627
24900629
24900631
24900633
24900635
24900650
24900651
24900652
24900653
24900655
24900657
24900658
24900673
24900681
24900683
24900686
24900687
24900690
24900696
24900699
24900702
24900704
24900709
24900714
24900715
24900718
24900719
24900732
24900741
24900743
24900744
24900745
24900749
24900750
24900751
24900755
24900757
24900758
24900769
24900770
24900776
24900785
24900789
24900825
24900827
24900829
24900830
24900832
24900838
24900839
24900841
24900844
24900849
24900852
24900853
24900862
24900864
24900867
24900871
24900874
24900876
24900877
24900882
24900884
24901260
24901667
24903887
24904961
24908608
24909678
24911527
24913714
24913985
24914408
24914455
24914612
24914738
24916028
24917667
24918716
24918870
24920381
24924423
24929292
24930833
24933607
24934993
24936234
24936240
24937185
24939756
24939758
24941128
24943831
24944732
24944743
24944749
24948563
24948565
24948566
24949913
24951330
24951331
24951334
24952377
24953950
24955776
24957878
24959892
24960438
24961642
24961874
24967667
24969015
24971742
24972256
24973661
24980053
24980116
24980703
24984937
24988361
24992874
24996144
24997293
24997577
24997687
24998378
25000588
25001129
25001485
25002233
25003231
25004409
25006983
25007099
25007124
25007344
25009002
25009003
25010935
25011912
25011913
25016232
25016371
25017030
25017033
25017034
25017625
25019388
25019478
25019479
25022204
25022879
25022881
25022971
25025737
25025853
25027802
25032507
25036790
25036791
25036794
25036795
25037916
25037917
25037918
25042005
25042254
25042558
25042560
25043312
25047935
25047936
25047940
25050155
25050159
25050161
25050166
25050167
25050169
25050172
25050173
25050880
25052426
25058929
25060641
25060923
25062128
25062331
25062468
25065493
25066953
25068800
25069058
25070421
25072876
25075558
25075638
25075977
25078316
25082125
25082126
25082513
25083189
25084145
25086508
25086680
25086681
25088191
25088549
25089179
25089370
25089810
25089812
25089924
25091930
25092521
25093931
25100568
25101488
25105922
25108078
25108079
25113879
25113930
25119815
25124112
25124115
25126833
25126889
25127101
25127103
25127152
25127163
25127464
25127466
25128670
25129169
25129170
25129616
25136132
25137573
25139565
25139568
25141341
25147151
25147154
25147603
25147615
25147616
25148100
25149509
25150089
25152071
25155384
25155913
25156300
25156906
25164763
25167370
25168745
25168748
25172421
25172422
25173853
25176013
25176189
25176194
25178155
25179681
25180654
25180768
25181676
25192493
25193232
25194929
25195011
25198388
25203778
25205190
25205193
25210858
25210872
25217335
25218909
25219899
25221649
25221654
25221656
25221662
25221665
25221667
25224652
25225606
25226236
25229643
25232968
25238284
25238443
25240094
25240095
25240614
25245672
25248678
25248679
25248682
25249180
25250725
25250825
25254302
25254502
25255283
25255388
25255433
25255434
25260492
25260958
25261927
25261929
25262541
25264075
25264478
25264584
25264825
25265401
25266780
25266782
25266785
25267005
25267006
25270403
25271760
25271963
25275964
25277281
25279926
25282647
25282655
25282672
25286019
25286150
25288186
25288494
25288496
25299683
25304896
25305332
25305334
25310383
25310626
25311563
25311567
25313317
25313323
25313996
25316315
25317480
25318998
25330343
25333641
25333769
25341110
25341194
25349648
25352216
25353650
25356789
25358036
25358084
25359714
25363711
25364867
25365789
25369270
25369539
25372276
25375908
25379648
25380299
25380517
25383627
25383915
25387153
25387268
25393851
25405503
25406853
25406944
25408832
25408834
25408840
25408841
25412409
25412465
25415535
25415648
25415869
25418038
25418133
25418204
25422861
25423286
25423411
25427005
25431977
25432060
25434976
25437504
25437505
25437621
25438758
25438884
25440884
25441013
25442307
25442308
25442309
25443644
25444084
25451999
25452001
25453799
25453800
25453805
25453808
25454272
25454273
25455483
25455497
25456076
25456079
25456084
25456085
25456384
25456385
25456387
25458499
25461317
25461318
25461320
25461324
25461329
25462239
25462245
25462246
25462247
25462250
25462257
25462262
25462265
25462267
25462271
25462275
25462282
25466173
25466176
25466185
25466194
25466195
25466710
25467150
25467161
25468035
25468038
25468040
25468044
25469771
25474320
25474504
25474526
25479567
25486447
25488842
25488845
25494538
25494650
25496807
25499880
25511999
25514658
25515955
25516783
25516789
25516790
25516791
25516793
25516794
25517413
25522110
25522204
25528333
25529735
25529736
25529737
25529738
25529739
25529740
25532905
25533402
25536850
25537272
25537532
25544688
25549551
25549552
25549554
25553540
25556090
25556092
25556101
25557493
25558349
25559080
25559347
25559759
25565255
25569119
25575657
25575658
25575659
25577040
25577041
25580204
25580811
25581127
25585009
25587754
25589919
25589920
25589922
25589924
25589925
25589926
25589927
25589928
25589930
25589931
25589932
25589934
25589938
25590515
25590863
25591066
25592713
25593096
25593098
25593099
25594740
25595683
25596166
25596758
25597005
25597006
25597012
25599836
25600407
25602734
25603482
25610955
25611072
25613679
25614114
25615020
25616902
25618597
25619419
25621531
25625428
25625541
25625617
25626145
25629256
25629304
25630223
25630225
25633741
25634295
25634381
25635706
25637120
25637122
25638496
25638501
25638569
25643210
25650313
25655721
25655723
25659752
25659754
25661449
25662701
25665518
25666818
25666825
25671290
25677662
25678014
25680029
25682203
25683622
25684426
25686594
25686852
25689111
25695670
25695766
25695864
25699138
25699143
25699146
25699405
25699576
25699604
25699713
25701250
25701252
25701253
25701254
25703307
25707014
25711384
25711516
25716905
25723005
25725375
25725609
25726329
25728026
25728130
25728416
25730130
25730262
25733882
25734520
25736993
25736996
25736998
25738750
25743214
25743215
25746813
25752982
25753329
25754490
25757603
25761096
25763473
25765758
25765759
25765909
25766629
25766630
25766632
25766633
25768700
25768701
25768704
25768706
25768707
25769517
25771484
25773015
25781223
25782742
25782744
25783190
25790336
25791674
25791676
25791677
25794791
25799264
25799376
25800116
25800132
25800646
25801156
25801159
25801931
25801932
25811317
25811792
25812965
25815148
25815151
25815157
25815158
25817770
25818461
25819098
25822623
25822739
25826710
25827399
25827402
25827523
25827526
25828827
25828863
25832441
25835317
25835357
25835537
25838146
25838147
25841198
25844760
25845281
25846066
25847770
25847771
25849762
25850459
25851938
25855895
25857942
25862200
25863492
25865131
25866242
25868745
25872980
25872982
25872983
25875209
25879485
25881820
25882519
25882520
25882523
25882525
25890697
25893037
25893041
25893043
25893046
25893048
25893049
25897973
25899312
25899335
25899338
25900219
25905694
25907369
25907370
25908516
25909279
25911300
25911624
25911625
25912674
25913118
25913198
25913865
25915084
25915162
25915520
25915781
25921264
25921266
25921269
25927480
25933594
25935383
25935643
25937010
25937015
25937878
25941546
25941551
25941555
25941559
25951434
25953155
25953512
25958245
25961960
25965804
25965897
25969170
25970480
25971769
25971770
25974739
25975638
25977981
25978963
25978966
25980912
25981690
25982416
25984647
25984755
25987372
25987378
25988399
25990761
25992880
25993619
25998502
25998503
25999205
26001341
26002335
26003342
26003344
26005023
26005024
26005026
26005523
26005524
26005525
26005528
26005536
26005539
26005541
26005542
26005563
26007302
26010498
26010811
26013542
26026769
26030312
26030457
26037319
26037322
26037610
26039570
26048024
26048027
26048785
26048794
26048804
26052884
26061013
26061085
26062720
26070164
26071371
26071372
26073005
26073006
26077491
26077494
26077497
26078010
26079043
26081763
26083478
26086931
26087137
26088336
26088338
26090771
26091726
26098163
26099534
26099538
26101560
26101564
26101566
26101568
26101570
26101571
26101577
26101579
26102506
26105194
26105196
26107245
26107513
26110200
26112443
26112445
26113187
26113188
26114810
26114812
26115570
26115571
26115573
26116177
26117648
26120733
26121481
26123642
26125082
26125948
26134551
26141771
26142492
26142947
26144345
26144347
26145820
26145821
26149591
26149757
26151189
26151319
26152426
26155854
26158339
26159481
26160020
26160114
26162497
26163883
26164188
26174207
26174556
26181715
26181851
26182238
26183084
26183543
26183544
26183545
26187704
26188621
26190460
26191358
26191359
26191360
26191361
26191364
26191365
26191369
26191373
26191374
26191399
26192023
26197159
26199119
26199121
26200813
26200936
26203768
26203869
26204510
26204890
26206504
26207924
26211462
26212775
26212776
26214255
26214585
26216016
26216018
26218343
26218629
26218650
26218717
26220157
26220519
26222319
26222445
26222905
26225459
26226049
26227773
26230724
26230970
26231079
26231156
26231159
26231162
26233434
26233435
26233795
26233796
26235947
26237118
26241876
26241877
26243370
26253631
26256032
26258521
26258602
26259804
26259807
26260335
26264840
26267483
26270416
26275107
26275678
26275681
26276435
26276436
26277759
26278660
26280302
26283510
26286460
26287310
26287401
26288158
26288216
26288266
26288344
26288678
26288680
26288681
26288682
26288683
26288685
26288686
26288689
26288690
26288692
26288693
26288697
26288698
26290290
26291341
26298494
26298495
26298497
26299347
26299350
26299827
26301554
26305181
26306007
26309148
26310891
26310893
26310895
26312433
26312434
26313252
26314922
26317591
26318054
26318056
26318993
26318997
26319622
26320619
26320622
26320624
26321360
26322531
26322631
26323872
26331552
26335039
26338362
26340601
26342867
26342868
26343830
26344593
26344911
26346367
26347950
26348111
26348784
26348881
26349627
26351728
26355532
26355916
26356364
26356532
26358162
26358280
26360048
26363871
26363872
26364596
26364932
26364942
26365710
26367138
26372074
26372651
26372652
26375725
26376355
26384287
26386602
26386604
26386821
26390175
26393374
26394156
26395057
26396678
26396681
26396684
26396685
26403853
26403930
26406919
26408454
26408817
26414808
26418966
26422006
26422787
26425784
26428869
26428871
26428873
26431428
26432604
26432605
26432607
26440714
26443011
26443078
26451771
26455655
26455919
26459208
26460788
26463129
26463133
26465079
26465170
26469213
26469743
26471092
26471320
26474664
26475520
26475522
26477515
26479945
26481152
26483136
26483137
26483198
26486225
26487908
26487910
26487913
26496070
26497049
26497283
26498393
26498394
26498573
26503905
26505898
26507431
26508549
26508550
26509551
26509640
26509831
26513642
26517152
26520662
26522946
26522950
26522952
26525863
26526213
26526214
26526740
26526744
26529344
26529431
26531152
26536069
26536532
26537784
26540564
26542964
26544629
26544630
26545798
26546213
26546217
26546218
26546219
26546221
26547056
26551034
26555154
26560048
26560855
26561979
26562217
26562543
26565666
26568289
26568411
26572217
26575094
26575343
26575582
26580420
26585276
26588045
26588064
26588065
26590100
26590508
26597536
26598460
26599519
26599532
26602277
26608551
26608552
26611918
26611919
26611920
26613634
26614408
26617966
26619267
26627579
26629594
26629857
26629858
26629860
26630553
26631321
26631440
26631442
26632651
26632965
26638042
26638045
26639762
26640981
26641132
26641525
26642377
26642765
26643220
26649766
26652247
26652482
26652588
26652717
26652860
26652969
26653033
26653180
26653328
26653614
26653735
26654469
26656913
26670081
26675441
26678172
26678175
26681404
26682034
26682703
26684851
26688270
26689485
26689671
26690913
26691756
26691757
26691758
26692349
26696252
26696402
26699912
26700437
26700752
26701186
26702542
26704265
26704266
26704965
26706112
26706113
26706114
26706171
26706172
26706173
26707399
26708110
26708111
26708112
26709102
26710088
26711145
26712096
26712115
26713102
26713106
26713107
26713109
26713112
26717201
26717206
26720154
26730808
26731167
26732532
26739779
26740154
26741028
26741166
26741853
26741947
26745766
26750250
26750251
26750252
26750253
26751161
26751273
26752094
26753813
26753814
26755393
26756222
26762835
26762836
26764190
26764191
26769278
26771107
26771203
26771245
26771665
26771861
26774035
26774037
26774038
26774655
26774927
26774928
26778256
26778612
26780304
26786693
26787274
26789378
26789553
26791385
26794039
26795114
26796953
26799988
26803577
26804228
26804230
26804741
26807861
26810260
26810265
26810710
26810711
26810836
26812066
26815195
26819000
26819660
26819662
26819663
26819665
26819666
26819669
26819673
26819674
26820556
26821818
26821819
26821821
26826581
26826732
26827140
26829280
26832216
26838810
26840363
26840366
26841168
26843921
26844689
26848108
26848109
26850377
26851505
26851835
26852363
26853167
26854376
26854747
26860736
26866968
26867485
26874402
26874743
26875933
26876931
26878596
26878898
26879854
26879855
26881725
26881908
26885694
26888301
26890118
26890707
26895387
26896709
26897089
26897593
26898334
26898335
26899595
26900656
26900657
26900658
26900660
26900761
26906474
26906637
26907156
26907157
26907204
26908025
26910725
26912112
26914744
26914985
26916440
26917221
26920803
26922228
26924380
26924461
26927423
26927682
26927866
26935940
26937601
26938274
26943020
26945110
26947959
26949507
26950392
26951750
26951753
26951893
26951894
26954848
26961283
26964674
26965854
26965861
26966993
26972117
26972919
26974384
26976213
26976214
26978121
26978477
26979156
26980109
26982372
26985286
26985287
26985290
26985292
26985296
26985297
26985298
26985300
26985301
26985303
26985305
26985306
26985314
26985317
26985319
26985321
26985323
26987013
26988302
26988308
26988803
26990539
26994693
26994844
26995529
26996371
26996372
26996374
26999325
27002243
27003761
27006991
27007185
27010810
27011159
27013388
27013392
27015008
27017115
27017542
27017552
27017554
27019010
27019296
27020304
27020305
27021004
27025340
27025563
27031670
27032332
27035422
27038496
27038498
27039251
27043011
27045975
27046190
27049177
27049670
27050625
27050782
27050842
27054295
27055065
27055939
27055941
27060764
27064611
27067148
27068142
27068889
27070999
27072905
27073051
27074629
27075367
27077705
27078757
27080178
27080184
27080185
27082499
27085674
27088648
27089209
27089211
27096037
27096041
27096042
27096045
27096048
27096051
27096224
27100032
27100033
27104967
27105028
27106708
27106709
27106711
27109867
27112451
27115835
27117261
27117263
27123901
27128178
27128181
27128182
27128184
27128689
27130359
27131067
27131990
27132165
27133596
27136302
27136719
27137359
27137360
27139780
27140653
27142751
27143131
27144971
27145071
27146606
27148793
27153347
27155469
27155563
27155900
27156192
27156768
27156769
27158139
27158142
27161805
27163581
27165692
27166574
27167172
27171036
27172398
27173799
27173800
27173802
27181575
27184103
27184767
27185329
27185330
27186676
27187609
27187856
27187857
27189674
27189886
27190590
27190592
27190595
27190596
27190604
27191386
27191614
27191615
27206529
27209235
27210433
27213958
27214401
27214509
27214510
27217002
27220723
27224875
27226387
27227380
27228159
27231829
27234885
27234893
27235841
27236720
27238841
27238842
27240275
27240550
27241691
27244485
27246618
27246857
27253845
27255176
27256913
27258622
27259031
27261178
27262425
27262595
27265686
27266526
27267002
27269198
27275668
27275946
27280436
27280693
27280968
27283261
27283786
27285051
27287367
27290691
27290692
27298005
27299736
27300079
27301366
27301679
27305384
27308944
27309760
27309907
27312422
27316543
27318120
27318122
27318978
27322756
27325449
27326325
27326332
27326333
27326337
27326339
27328658
27329786
27335255
27336199
27339173
27341379
27344494
27347731
27347787
27348537
27352042
27353531
27353886
27353889
27355974
27359042
27362616
27362876
27366941
27372809
27376492
27376495
27377328
27379833
27379978
27381083
27387421
27390064
27390066
27390919
27391133
27391135
27393949
27394666
27396490
27396610
27396732
27396930
27406797
27406798
27407031
27409354
27410258
27413802
27414067
27416328
27416889
27419473
27423119
27423482
27426300
27426304
27427228
27427902
27429068
27432763
27433829
27434175
27437076
27437077
27437079
27437080
27437081
27437082
27438064
27438186
27448772
27448775
27448913
27452283
27455395
27460209
27463695
27469130
27469982
27474918
27474927
27474931
27475108
27475537
27476140
27476141
27476144
27476420
27477687
27479483
27479743
27480030
27482618
27484512
27484513
27484515
27485386
27485387
27485604
27490705
27490827
27490956
27491023
27491708
27491711
27492194
27492195
27501244
27502541
27502700
27503677
27503678
27506559
27507110
27509004
27515719
27517803
27517808
27519462
27519464
27520942
27521587
27522507
27522579
27524309
27524310
27524312
27524377
27526030
27526040
27527415
27527804
27528113
27531604
27535619
27537923
27539124
27541261
27541263
27541271
27541357
27542310
27543389
27543880
27543882
27544588
27544589
27545443
27554444
27554445
27554446
27556704
27559615
27559828
27559936
27560285
27561716
27563401
27563405
27563406
27564135
27564532
27564586
27570243
27573544
27575469
27575470
27575476
27578245
27578246
27579577
27579727
27583770
27591006
27591009
27592744
27595538
27597415
27597418
27597727
27598238
27599745
27606546
27606885
27607900
27612545
27614407
27614410
27617803
27622745
27624527
27634196
27637151
27639366
27641470
27643559
27644332
27657809
27657811
27658368
27658794
27658796
27658798
27660686
27660688
27660689
27660692
27660855
27662032
27663548
27665178
27668758
27670098
27671500
27676089
27676368
27681240
27682507
27687967
27687971
27688184
27689724
27689726
27689729
27689733
27689912
27690427
27690429
27690430
27690432
27692510
27692854
27693059
27709945
27714957
27718472
27720325
27720548
27720557
27726358
27726366
27726390
27736063
27739677
27739679
27739691
27744182
27744187
27746002
27749053
27749056
27749061
27750150
27754693
27766861
27766865
27766867
27769034
27769621
27769623
27769668
27769671
27770735
27771180
27774121
27774122
27774123
27774125
27774126
27774127
27774128
27774131
27774132
27777004
27777006
27779399
27780638
27780639
27783978
27789138
27789139
27789141
27789142
27791347
27798827
27802026
27809504
27809521
27810241
27810440
27810595
27814560
27815121
27816514
27816515
27816517
27829520
27836399
27837994
27838184
27839686
27839787
27839918
27842798
27846451
27855359
27856236
27856237
27860128
27863370
27865703
27866910
27876318
27876319
27876467
27876475
27884512
27884694
27884697
27889630
27894044
27894776
27894874
27908752
27908755
27914362
27914800
27914947
27914948
27914949
27915171
27918993
27919611
27923617
27923618
27933810
27933890
27933945
27933950
27933963
27935314
27936444
27939174
27939347
27939900
27940419
27951485
27951489
27955926
27956035
27958732
27959531
27964995
27966954
27966961
27976897
27977181
27979595
27982588
27982595
27983835
27983846
27989666
27992216
27992221
27994735
27994736
27994740
27994741
27994744
27994747
27994748
27994749
27994755
27994757
27994767
27996267
27996269
27997164
27997171
27997172
27997878
27997879
27998678
28001064
28001384
28002958
28002961
28002964
28003141
28004573
28004946
28005357
28005359
28005385
28006668
28011202
28011204
28011217
28011425
28012344
28017532
28017602
28024887
28025002
28032764
28038322
28038324
28038328
28038940
28039836
28040393
28041801
28041831
28043796
28045523
28049589
28057407
28057408
28064141
28065499
28065500
28065501
28068085
28068087
28072526
28072531
28075587
28076826
28082036
28082068
28082069
28085286
28088086
28089350
28089698
28089699
28092155
28092860
28094183
28094220
28103025
28105264
28105265
28105272
28105273
28105275
28105277
28105282
28106991
28108251
28109789
28109791
28109946
28109949
28110961
28111141
28111158
28112924
28112925
28112927
28117205
28118010
28122456
28124907
28126289
28126439
28128559
28131711
28131712
28131713
28131714
28131715
28134521
28135086
28135089
28135235
28139931
28140583
28140585
28143690
28145708
28151659
28152426
28152429
28152430
28156111
28157311
28157593
28159414
28161249
28161252
28162900
28165241
28165741
28165742
28165743
28169164
28171832
28174065
28174105
28182413
28185457
28185720
28186750
28186755
28186757
28187957
28188065
28189086
28189420
28189905
28190634
28191850
28192710
28195704
28195723
28197303
28197309
28197313
28197315
28197318
28199108
28206758
28209465
28212015
28213282
28215601
28215783
28216404
28218840
28219011
28222316
28225269
28225274
28225601
28228366
28230985
28230986
28231433
28231521
28231522
28234463
28234467
28235701
28235702
28236449
28236510
28236592
28237553
28238511
28240897
28241112
28242547
28245354
28249207
28252959
28252961
28253432
28253618
28254166
28254487
28256371
28257199
28259528
28259529
28259840
28262556
28266777
28268136
28268138
28268139
28272885
28273563
28274629
28274633
28274635
28277280
28277663
28279528
28279847
28280261
28282122
28283242
28284095
28284862
28284871
28287264
28287723
28287730
28287731
28288320
28291344
28291695
28301816
28302397
28302400
28302505
28302506
28302507
28304162
28306255
28315597
28318894
28318945
28318946
28319389
28323425
28324649
28324785
28326781
28336141
28336409
28337320
28337324
28337328
28339199
28339215
28339216
28340404
28340412
28340987
28341403
28342691
28343756
28345895
28347633
28347666
28350999
28351592
28359790
28359792
28363444
28368581
28371641
28371677
28372935
28374589
28376306
28377059
28383274
28385503
28385504
28389110
28389112
28389113
28389149
28390993
28392276
28395151
28398755
28400084
28400234
28404374
28404526
28406299
28406300
28406621
28406627
28406646
28408190
28408220
28408223
28408226
28408230
28411407
28412159
28412530
28414242
28415011
28415012
28416101
28416132
28418653
28418664
28422508
28422509
28426996
28427017
28427813
28427814
28430437
28431340
28431353
28431354
28431879
28433531
28435527
28435530
28435533
28438385
28440616
28441483
28441582
28442252
28442253
28442260
28447791
28453941
28453994
28453995
28456030
28458135
28459572
28460311
28460360
28460818
28462836
28462840
28463487
28465100
28465103
28477572
28478180
28478342
28478343
28478927
28482151
28482155
28483453
28489950
28493701
28493718
28494255
28494256
28495083
28498655
28498658
28501511
28502459
28505447
28505533
28505534
28506584
28508636
28511907
28511911
28512024
28512031
28513176
28522253
28522265
28522267
28523097
28523098
28523099
28523109
28523114
28523115
28526367
28526475
28528082
28528303
28537398
28537720
28537728
28539219
28539220
28541695
28541707
28545814
28545816
28549219
28551100
28554871
28557430
28557445
28557458
28558971
28561591
28566208
28570067
28571972
28574690
28574706
28576617
28576634
28578994
28579121
28586220
28587461
28587871
28591512
28594552
28595015
28598634
28600215
28601507
28601508
28601510
28603991
28605676
28606760
28606761
28608697
28609101
28610977
28610981
28610982
28610984
28613859
28613871
28615111
28619446
28621538
28624142
28625715
28626516
28626517
28626519
28626530
28628824
28629594
28633899
28634040
28642102
28644986
28648462
28650658
28651979
28651980
28653847
28653849
28658574
28662963
28665128
28667875
28669741
28671458
28671460
28671847
28675836
28676270
28682065
28684121
28686445
28687206
28689095
28689972
28689975
28689977
28692292
28692295
28692915
28692917
28696115
28696695
28698054
28700225
28711351
28712706
28712708
28716641
28719179
28720329
28720503
28728104
28728105
28728106
28728108
28728897
28731336
28731719
28734245
28734581
28734666
28735213
28737909
28738306
28739157
28743508
28749667
28751196
28753307
28753313
28754318
28754471
28755635
28759228
28759875
28760313
28765013
28768102
28771350
28771357
28772235
28774576
28776992
28778469
28784429
28787156
28789907
28789908
28789911
28792760
28797771
28797884
28800229
28800454
28802120
28802125
28802633
28803044
28803677
28809565
28811134
28814374
28818446
28818461
28818462
28818767
28820254
28820267
28822281
28826083
28826086
28827110
28827113
28829592
28830032
28830649
28834433
28835346
28835790
28835793
28835798
28835799
28835800
28835807
28838696
28838831
28841282
28843180
28843845
28844141
28844493
28844802
28844803
28850227
28850922
28851503
28853885
28858494
28858765
28863357
28865277
28865281
28873303
28876062
28881288
28882483
28885836
28886510
28886997
28887000
28888820
28892380
28892629
28898076
28911822
28918096
28919339
28921985
28925695
28926247
28927786
28927793
28927795
28929759
28933851
28938137
28945083
28947151
28947154
28947155
28947934
28947940
28947941
28947942
28947945
28947947
28947948
28951094
28953386
28953875
28956923
28958623
28958846
28963992
28964635
28964935
28968119
28972762
28974338
28976752
28977749
28985999
28986116
28986130
28987601
28987602
28987604
28987605
28987607
28987611
28988749
28991459
28991472
28992413
29016119
29016121
29017116
29017786
29017787
29019405
29019677
29023112
29028171
29028530
29029933
29031059
29031061
29031062
29031067
29031075
29032031
29032032
29032929
29035567
29037950
29039662
29040952
29042224
29045782
29046238
29048889
29050780
29055870
29056248
29057044
29057049
29057057
29057059
29057062
29064696
29066309
29072452
29072911
29074257
29074349
29077404
29078995
29079473
29089260
29089261
29091437
29100801
29102175
29102178
29107425
29107427
29107541
29107542
29110986
29110989
29111368
29111717
29112434
29116780
29116786
29120638
29126727
29126728
29126742
29132752
29133042
29133046
29133048
29133059
29133060
29135244
29136465
29137867
29138024
29144137
29146134
29148763
29150331
29150398
29152042
29152044
29152045
29152051
29152053
29155580
29155585
29156136
29157685
29162455
29166018
29169673
29172502
29173945
29174347
29174814
29183662
29189002
29190083
29190092
29193967
29195795
29197731
29197732
29198609
29198865
29200281
29202398
29202403
29202410
29207335
29207342
29208522
29211470
29211475
29211480
29216561
29220788
29223589
29227101
29233614
29236497
29243920
29247857
29247860
29248295
29248751
29251928
29254643
29254646
29259736
29259738
29259741
29259743
29259745
29259749
29259751
29259752
29259753
29259754
29266937
29266943
29268128
29271204
29271653
29271657
29272750
29273417
29274493
29274704
29275228
29275232
29277307
29277458
29277459
29280630
29283260
29288941
29288942
29288943
29288945
29289886
29289887
29289892
29290109
29291438
29292225
29292226
29293000
29294275
29298069
29300477
29301085
29304284
29306546
29306837
29308895
29309142
29313676
29314840
29316397
29320176
29324342
29324347
29326017
29328660
29329790
29331267
29331452
29331754
29335210
29336874
29339253
29345930
29348803
29348807
29348808
29350534
29353723
29353726
29357251
29358147
29359565
29360358
29363967
29366647
29366648
29366653
29370702
29373269
29373271
29381070
29384668
29385334
29395970
29395973
29396363
29398441
29398539
29398543
29398544
29400470
29400967
29402740
29407943
29407953
29407958
29407959
29407960
29407972
29407974
29407977
29407987
29421570
29422387
29426770
29427906
29428527
29429576
29429832
29429833
29433927
29433928
29437386
29438888
29439916
29452839
29454915
29454920
29456107
29456111
29456792
29456793
29456794
29456796
29456801
29456804
29457982
29459207
29459274
29459277
29459279
29461827
29461846
29463447
29466002
29466775
29472125
29472126
29477076
29477077
29478802
29482950
29485864
29485874
29486951
29486969
29486970
29494161
29494843
29498517
29498843
29499108
29499489
29500940
29501396
29501944
29505715
29505934
29505935
29506958
29509411
29517911
29518312
29519604
29519733
29519738
29519739
29522671
29522685
29523467
29524731
29525218
29525337
29526098
29526099
29529501
29529504
29530347
29533873
29533874
29534798
29534925
29534926
29534936
29537847
29541354
29541362
29541366
29541367
29541373
29545101
29545102
29545103
29547696
29547832
29548573
29549837
29549838
29549841
29555419
29559198
29559278
29561151
29566486
29567458
29567459
29570292
29571155
29571157
29576271
29588215
29589441
29589443
29589935
29590749
29590750
29596745
29601991
29602036
29602674
29602675
29602676
29602682
29605809
29609119
29609120
29613789
29615341
29615344
29617135
29617572
29620890
29620892
29627262
29627981
29630364
29630366
29631132
29631788
29631962
29635168
29636218
29636220
29648813
29648825
29649738
29649741
29649742
29650293
29652143
29653894
29653895
29655612
29655979
29656203
29657099
29661533
29665527
29667821
29670690
29670692
29670698
29670700
29670703
29672039
29674295
29676580
29681152
29681484
29681486
29683659
29683667
29684705
29684895
29685656
29688013
29691153
29691154
29694039
29699923
29699925
29701962
29704722
29712428
29712435
29718665
29723785
29724589
29727569
29729987
29731364
29733614
29735425
29738955
29741891
29746127
29746776
29748048
29748051
29748053
29751233
29751237
29752182
29752185
29754833
29759726
29759799
29763564
29763806
29763808
29764741
29764755
29764756
29767967
29767973
29771541
29775297
29775310
29775538
29775935
29775936
29775937
29778894
29779382
29779669
29779975
29779976
29784271
29787914
29789207
29792703
29793210
29795752
29795753
29795757
29795760
29795762
29798825
29801997
29803003
29803359
29803730
29803994
29807331
29807796
29812929
29847724
29847930
29851474
29851477
29851481
29852068
29852070
29853330
29853332
29853339
29853340
29856219
29856615
29856625
29856759
29857276
29859750
29859906
29861142
29863360
29866481
29870245
29870256
29870258
29870883
29871845
29871847
29873484
29878759
29878763
29878768
29880399
29884581
29885574
29886021
29886324
29889518
29890830
29894943
29894944
29902723
29903414
29903660
29906114
29906396
29907470
29908439
29908442
29909635
29912561
29914772
29920093
29924931
29925480
29928803
29934218
29934244
29935771
29936356
29937975
29937979
29939742
29939744
29940115
29940120
29940463
29944371
29945757
29945794
29952567
29953809
29954682
29958119
29958762
29962205
29965752
29965759
29969024
29969256
29970308
29980357
29980364
29983280
29983281
29985601
29986142
29995408
29999316
30006065
30006158
30006169
30006177
30007568
30010338
30010344
30015070
30015071
30015075
30015076
30015078
30015485
30015487
30015488
30017112
30020783
30025345
30025348
30026041
30028141
30028616
30031971
30031974
30031975
30031976
30031978
30034585
30034586
30034588
30034593
30034595
30034597
30034599
30034600
30034602
30034603
30034607
30034610
30034615
30037753
30037754
30044619
30049584
30049585
30052039
30052440
30053720
30053721
30055887
30055888
30056037
30059217
30060666
30064119
30067358
30067909
30071407
30075623
30077608
30078607
30078608
30080045
30082069
30082105
30091915
30091920
30093295
30093345
30095246
30095904
30096580
30096649
30096650
30097361
30097367
30098865
30098866
30103191
30103193
30104093
30104121
30106578
30108900
30113844
30114660
30115493
30115511
30119011
30121211
30122225
30122227
30122228
30125504
30125720
30125722
30125723
30128072
30130103
30130401
30130718
30137981
30143367
30143424
30143425
30144697
30144699
30145050
30145372
30145373
30148361
30148362
30148953
30149709
30153003
30153955
30153956
30153964
30165341
30170925
30170940
30170942
30170943
30172617
30172625
30174152
30177375
30179749
30180568
30188734
30189136
30190181
30192536
30193214
30193219
30193220
30195238
30197029
30199249
30199637
30199703
30201291
30204441
30212201
30212625
30215258
30216722
30216849
30217414
30220607
30221940
30222343
30223116
30223117
30223123
30227353
30234300
30234987
30237123
30240563
30241010
30243151
30243157
30243158
30243589
30243592
30245394
30245400
30245401
30247903
30247908
30248654
30248655
30249354
30249495
30253095
30253242
30253346
30258534
30258546
30265808
30265958
30265959
30272964
30278333
30279044
30282318
30282319
30286292
30289713
30290280
30290988
30292171
30292897
30293795
30293796
30295477
30297119
30297120
30300845
30317026
30321802
30322754
30335378
30336023
30336025
30337231
30339387
30339388
30340897
30340898
30340900
30342424
30342425
30342956
30343191
30343192
30343954
30344002
30344905
30344913
30344914
30344915
30346772
30347155
30347328
30351923
30365892
30366253
30366254
30366617
30372620
30384043
30384044
30384606
30385162
30385225
30388368
30389294
30389409
30390440
30392349
30392371
30392779
30392954
30395713
30396033
30396105
30403352
30403487
30404719
30406661
30408746
30409535
30409536
30409702
30412404
30418766
30419493
30423248
30429095
30429097
30429948
30429949
30429950
30429955
30431269
30433781
30433782
30445264
30445265
30446438
30446440
30447434
30448189
30448414
30448415
30455074
30455147
30455149
30457335
30457869
30460842
30466896
30469039
30469041
30469042
30470598
30472603
30473362
30476825
30482621
30496988
30499663
30500190
30501188
30502115
30502116
30503632
30503937
30503941
30503942
30509781
30516990
30520638
30522056
30522087
30522898
30522952
30522953
30522956
30525581
30528696
30528979
30529151
30529543
30529545
30530193
30530195
30532965
30538065
30542530
30543285
30543440
30552007
30553624
30553737
30554954
30554956
30562026
30562697
30565923
30570265
30571119
30576602
30576901
30576906
30578075
30579124
30579793
30579795
30580241
30580918
30582807
30582813
30587449
30587450
30594029
30594030
30594433
30594450
30594677
30594678
30595446
30597326
30600148
30600149
30605331
30606676
30611057
30611617
30613321
30613322
30613325
30613326
30613332
30613333
30613336
30613337
30613338
30615449
30616053
30616904
30620194
30622025
30623649
30624919
30624926
30624934
30624936
30626557
30628789
30629436
30630714
30630716
30633509
30638874
30639895
30639896
30639897
30640465
30640473
30653317
30655938
30655941
30655946
30655952
30657313
30657666
30657681
30660827
30665142
30676015
30682248
30682255
30684796
30684797
30684868
30685094
30685527
30686752
30688459
30688462
30689375
30689946
30689953
30691925
30693770
30698430
30701972
30707578
30707839
30708257
30709653
30711311
30711390
30711829
30713023
30713024
30714733
30714734
30715875
30715876
30715878
30721041
30721053
30721061
30728111
30730737
30733087
30735901
30735902
30737134
30738655
30738663
30739444
30739821
30739822
30739824
30744931
30744932
30753076
30755337
30759340
30769179
30769240
30769241
30769242
30772605
30773420
30773421
30773430
30773432
30776227
30776234
30776691
30776695
30777661
30783492
30783498
30783500
30784878
30784883
30785748
30789735
30792102
30792104
30795990
30798051
30798052
30802056
30803229
30803745
30803804
30807144
30817889
30818176
30819620
30822710
30824167
30826188
30826507
30826508
30827110
30830766
30830772
30833107
30833158
30836001
30840447
30840451
30844273
30846252
30846402
30846404
30850265
30851693
30852084
30852383
30852901
30853331
30858027
30869888
30875504
30878832
30879840
30883109
30884327
30888159
30888810
30889352
30891123
30891131
30891132
30891142
30891145
30893553
30896941
30904782
30904783
30907079
30908048
30909021
30916555
30925062
30925064
30925338
30926247
30926315
30928706
30929436
30933853
30938524
30939001
30939017
30939351
30940566
30943029
30943030
30952592
30954427
30954777
30955995
30956011
30959322
30962086
30962087
30964283
30964290
30964295
30964988
30967303
30968693
30975503
30975623
30978288
30978559
30981576
30981578
30986068
30987781
30992165
30995036
30995567
30996772
30996776
30996781
30996783
30996785
30996791
30996792
30996814
30996949
30998356
30999237
31005443
31009908
31009912
31009914
31013087
31013090
31021617
31023512
31026746
31029943
31033293
31034224
31035236
31035240
31042381
31046271
31047750
31050421
31053508
31059256
31070916
31071548
31071549
31074986
31074988
31077998
31082225
31082230
31082765
31083946
31091479
31095386
31096154
31096155
31097403
31097992
31097995
31097999
31099559
31100649
31103446
31103902
31103903
31112894
31113706
31117516
31117517
31121430
31122869
31126821
31128447
31128449
31128993
31129055
31129449
31129450
31129452
31129453
31129454
31129455
31133534
31136893
31138459
31145622
31158743
31158744
31160176
31160177
31167153
31174062
31175010
31176565
31176569
31176699
31177777
31178268
31178269
31188592
31194544
31195169
31199148
31199638
31199640
31200235
31200236
31200237
31201063
31202995
31207462
31212132
31221555
31221612
31223434
31223438
31223443
31223444
31223453
31223455
31223458
31223461
31226656
31227344
31227345
31233921
31235262
31235264
31244106
31244108
31244114
31246024
31250638
31255497
31255926
31255927
31256587
31257079
31257085
31257087
31259550
31260300
31260312
31260890
31264862
31265285
31265286
31265934
31266686
31271959
31272795
31272837
31274313
31274316
31276392
31276899
31276900
31278031
31283217
31284081
31284084
31284086
31287314
31288127
31288128
31288965
31288978
31294975
31296357
31298541
31298542
31299584
31300317
31300342
31301565
31303386
31306011
31306818
31306905
31307763
31307888
31310125
31312402
31312404
31312408
31312411
31314518
31317731
31318208
31324513
31324562
31326342
31327531
31327679
31330446
31330449
31331653
31335138
31336309
31339316
31343173
31344615
31345633
31345745
31350126
31351393
31351692
31351847
31352245
31352246
31361135
31362919
31362921
31362922
31365251
31365252
31368705
31369707
31369933
31376564
31377035
31378596
31381325
31381331
31381333
31381853
31382119
31383629
31385706
31386363
31387062
31387063
31387791
31393718
31394463
31395511
31398032
31400707
31400711
31400938
31401008
31401465
31401536
31401537
31401538
31404862
31404864
31407888
31408806
31411468
31413789
31413791
31413799
31413800
31413806
31414801
31415173
31415174
31415176
31415981
31416740
31417666
31419130
31419777
31421967
31422225
31427145
31430136
31434040
31434616
31436984
31437392
31437780
31439379
31442049
31444087
31445231
31445233
31445234
31445853
31445854
31446244
31447082
31465686
31466809
31469560
31469962
31471167
31472471
31474484
31476557
31477350
31487175
31488358
31492518
31493745
31494471
31494475
31495556
31496251
31499358
31499361
31505452
31505928
31514018
31514061
31514062
31515057
31515058
31518122
31519373
31519374
31520926
31521028
31521475
31525930
31526003
31526973
31531191
31531192
31531201
31532203
31532206
31532662
31536893
31536894
31536895
31539239
31539777
31539778
31542715
31543303
31549836
31550150
31550151
31550155
31550661
31550662
31557608
31557612
31560200
31561043
31561937
31563012
31566384
31573805
31577977
31580073
31580660
31581002
31581004
31581005
31589043
31589440
31596080
31597043
31599580
31603674
31604164
31606346
31609608
31610376
31610377
31610942
31610943
31613617
31614258
31618025
31620220
31620228
31620235
31620237
31620239
31622096
31622099
31622854
31623971
31625751
31627059
31627991
31629162
31629164
31630053
31630055
31635932
31638797
31638799
31638805
31640885
31644280
31647655
31648875
31648877
31655335
31655429
31655430
31658420
31661268
31663735
31668062
31668072
31668424
31669851
31670514
31670517
31674782
31675226
31675229
31678006
31679971
31682427
31683103
31687820
31689114
31689116
31693351
31693947
31699536
31699606
31702922
31706639
31708183
31710475
31710483
31710489
31711716
31711793
31714773
31714779
31718943
31721578
31725285
31725297
31727470
31732253
31732410
31734022
31735576
31740050
31740054
31740247
31743642
31744675
31744778
31744780
31746599
31746603
31749904
31749905
31749906
31749907
31749910
31751136
31753696
31757524
31757525
31757666
31759729
31761383
31761384
31761385
31761386
31761656
31761726
31767137
31767403
31767404
31769670
31774676
31774679
31780081
31780304
31784185
31784197
31784318
31784319
31786008
31787362
31787462
31787463
31789518
31793776
31794211
31799843
31800244
31804829
31806536
31806538
31810777
31810783
31810784
31810785
31810890
31812033
31812034
31812794
31816557
31818631
31820978
31820981
31820982
31825616
31830634
31830635
31830636
31831297
31835168
31836442
31836443
31839539
31841335
31841350
31841625
31843462
31843464
31848333
31851518
31855419
31855425
31855426
31857838
31859156
31859158
31859507
31862310
31862411
31862412
31864798
31865013
31866272
31874828
31877539
31879183
31879209
31879210
31881456
31881488
31882295
31882297
31882299
31887569
31889606
31889666
31895562
31895563
31898999
31901380
31901743
31901744
31901745
31904960
31910010
31910011
31910017
31911292
31913032
31913033
31917923
31918952
31923858
31923860
31924495
31924496
31926469
31926470
31926785
31927313
31927314
31930920
31931338
31931340
31935084
31935086
31935327
31944697
31945642
31945644
31945665
31952960
31952961
31952962
31952964
31955578
31961676
31961685
31965799
31967465
31971798
31972093
31972392
31972394
31978781
31980339
31980341
31981851
31982240
31982652
31982653
31990537
31991334
31992476
31999451
31999923
32000051
32001089
32007388
32007667
32008883
32008906
32014679
32019712
32027491
32030976
32030982
32031378
32031797
32031798
32035698
32035750
32037829
32038769
32039601
32044580
32045236
32046916
32049517
32057241
32058237
32058238
32058239
32058712
32058719
32061500
32061959
32066009
32066012
32067866
32069052
32069401
32071676
32071678
32071679
32071680
32071685
32071686
32073266
32073845
32077280
32078861
32083858
32087465
32088125
32088129
32088493
32088494
32089426
32092586
32092587
32097005
32097841
32098709
32101438
32105467
32105470
32109056
32109778
32113841
32114360
32115956
32120325
32122737
32122740
32126450
32127262
32129996
32130004
32131034
32134266
32134643
32134652
32142276
32142281
32143887
32146375
32150405
32150407
32155529
32163284
32163814
32165042
32171616
32173198
32179332
32182061
32184044
32184965
32184968
32184970
32184971
32191459
32192796
32192797
32193054
32196342
32196343
32199135
32199690
32199732
32200199
32200200
32200202
32201021
32201192
32202101
32203788
32203789
32203790
32208600
32208614
32209292
32212728
32212732
32214761
32216992
32217416
32220685
32222663
32222676
32223141
32223194
32223238
32223240
32224379
32224380
32227886
32229389
32240904
32241719
32247729
32247733
32247750
32248693
32250617
32253095
32255344
32255647
32259446
32271569
32272419
32273215
32273216
32275415
32276831
32278710
32283295
32283298
32289582
32292541
32292546
32292554
32292557
32292558
32292560
32292562
32292567
32293182
32297743
32298114
32298582
32298876
32299731
32302123
32302140
32302879
32305165
32314924
32320239
32321240
32321249
32324396
32327349
32327351
32329342
32331932
32331933
32334912
32334914
32336498
32336669
32337993
32338514
32339855
32340773
32340792
32342685
32342688
32345019
32348139
32352776
32354672
32361064
32364386
32366098
32367723
32369358
32371117
32371333
32375077
32387837
32388113
32388280
32389527
32390424
32392056
32402932
32402934
32407089
32407112
32407115
32416459
32417538
32422549
32428392
32429662
32432477
32433887
32435363
32435374
32435375
32435377
32435387
32435389
32435391
32435395
32435412
32435413
32435417
32435420
32435424
32442851
32447197
32452679
32453591
32454229
32460040
32460112
32460492
32463228
32463235
32463237
32479083
32479084
32482069
32484346
32485531
32485532
32485533
32485534
32490678
32491863
32492596
32496056
32497960
32497962
32502336
32502343
32502862
32502863
32502864
32503687
32503688
32503692
32505849
32506913
32511913
32511917
32511920
32519851
32525315
32526552
32527453
32527459
32527460
32527461
32527538
32527540
32527542
32527545
32527548
32527553
32527554
32527559
32530623
32530624
32539378
32539387
32550980
32550982
32550989
32550994
32551003
32551004
32551005
32551006
32551009
32551016
32551019
32551021
32551603
32551607
32558564
32563811
32563814
32569925
32574901
32584034
32589844
32592915
32597650
32599323
32599324
32603117
32603979
32603981
32605369
32608981
32614585
32615502
32616185
32631504
32631510
32631516
32631534
32631538
32631540
32631543
32631548
32631564
32639734
32652407
32652408
32652434
32658475
32659083
32659605
32659606
32663005
32667814
32668381
32672458
32673902
32676144
32676146
32676149
32676155
32676157
32678591
32679452
32679454
32682183
32686940
32688198
32688199
32688200
32690265
32690267
32691591
32692166
32692176
32693295
32696648
32698113
32702236
32706255
32706964
32707525
32711292
32712536
32717371
32717373
32717478
32717479
32717480
32717481
32717529
32717530
32717614
32721854
32731188
32731189
32738411
32738414
32738961
32738970
32738973
32738974
32738975
32738980
32738982
32738984
32738997
32739551
32739648
32747425
32755681
32758860
32768646
32771797
32771798
32773088
32781217
32781218
32781219
32781220
32784090
32784091
32786235
32786237
32786396
32786507
32787075
32787076
32787077
32787081
32787083
32787087
32787090
32787093
32787094
32787102
32787103
32787105
32787110
32787113
32787138
32787141
32787142
32791404
32794708
32795767
32798651
32798788
32799032
32803978
32804502
32805118
32805407
32805408
32809824
32815366
32818869
32820629
32823005
32823007
32828421
32828422
32828424
32828425
32828433
32830969
32832020
32832022
32832025
32832027
32832028
32845145
32845153
32846314
32847363
32853683
32858418
32858471
32865411
32866383
32866756
32869995
32870008
32871341
32871343
32871344
32871345
32877741
32877803
32877804
32878437
32880457
32882417
32882611
32883634
32883635
32883639
32883641
32886509
32890687
32891702
32894018
32896120
32897699
32898695
32898697
32898762
32898763
32898793
32898795
32900194
32902275
32902980
32906067
32910646
32910655
32910656
32911308
32914975
32916044
32916298
32916382
32919012
32919113
32920430
32924477
32924479
32927231
32930584
32931269
32937203
32940035
32940040
32941989
32942070
32942081
32944133
32944134
32944135
32944136
32944143
32945812
32949964
32950908
32955874
32956781
32960053
32960605
32961380
32961382
32961435
32966895
32966896
32969660
32971426
32971427
32975953
32976928
32979487
32980512
32980515
32987315
32987316
32990443
32992133
32992245
33002682
33002735
33007394
33007395
33007545
33007547
33007557
33007563
33007602
33007663
33007723
33023291
33026809
33032085
33032189
33034194
33035677
33035922
33035923
33038544
33038795
33039562
33039722
33045329
33045661
33045662
33049608
33054196
33054210
33058670
33059188
33059303
33062157
33062158
33062159
33062162
33062163
33062171
33062176
33062186
33062187
33062188
33065375
33065432
33065442
33069055
33069066
33069078
33069079
33069080
33071056
33077263
33077264
33079544
33081988
33085484
33091850
33094613
33095579
33096160
33097301
33097303
33108181
33109399
33111525
33118348
33118821
33119295
33120078
33120080
33121862
33124429
33128909
33129590
33129593
33130290
33131885
33132115
33135887
33139110
33143937
33146521
33147410
33148490
33148491
33148492
33152379
33158576
33166687
33168231
33176943
33180507
33185101
33186044
33187805
33187806
33189437
33189438
33189775
33190073
33191083
33197196
33198466
33199155
33199201
33201708
33210537
33210922
33214035
33214811
33214812
33214813
33214818
33214823
33214824
33214826
33214829
33214833
33214835
33214840
33214843
33215494
33215924
33216547
33218898
33221389
33225706
33227414
33228976
33229136
33234343
33237785
33239261
33242574
33242700
33243531
33243532
33246105
33246108
33246256
33252239
33253576
33254069
33256400
33256948
33257171
33257172
33258605
33259926
33261314
33261898
33264017
33271453
33272018
33276991
33279289
33283516
33285268
33289552
33290061
33290062
33291877
33303238
33303239
33306391
33309162
33309163
33309164
33310284
33310287
33314925
33314936
33316404
33316405
33316409
33316752
33328099
33332136
33333163
33333396
33335651
33335654
33335659
33335662
33335666
33335668
33335670
33335675
33340663
33340912
33340937
33341499
33341649
33341650
33346659
33347966
33347967
33352046
33356214
33356242
33356244
33356246
33356248
33356266
33359168
33359446
33359604
33359608
33359953
33360082
33360793
33360796
33360800
33360802
33369426
33370104
33378180
33381970
33382264
33383152
33385210
33385956
33393294
33393767
33395287
33395289
33399453
33399458
33404239
33412421
33417443
33421712
33422910
33423841
33428419
33429247
33440318
33440945
33444847
33445154
33445156
33454547
33454550
33460833
33470814
33471528
33476933
33477020
33479617
33479618
33479633
33479642
33479649
33479653
33479657
33479660
33479663
33479670
33479678
33479688
33479691
33479699
33481605
33482599
33482600
33486200
33488954
33488960
33488961
33488964
33488968
33488974
33488976
33492141
33493827
33493830
33499592
33513389
33515864
33522236
33523653
33523672
33528252
33529017
33529029
33534577
33538159
33539089
33540044
33540228
33540357
33541085
33543615
33545637
33548635
33549905
33556787
33569941
33570945
33570950
33571827
33571830
33573376
33581390
33581552
33581555
33581557
33582386
33582578
33586434
33588179
33588288
33588527
33591743
33591748
33591753
33591756
33592148
33600174
33601309
33601311
33603962
33603965
33603967
33603968
33603969
33603977
33603979
33607457
33609656
33609657
33609659
33609663
33611185
33611192
33616410
33618175
33619958
33631934
33636302
33636537
33636538
33640442
33650861
33652352
33661013
33662206
33662213
33662540
33667847
33667848
33677352
33682417
33682420
33684442
33685790
33689874
33689875
33689933
33691168
33705897
33705900
33705901
33711443
33711765
33714914
33715360
33719426
33719429
33719439
33719441
33721499
33721669
33724808
33724834
33725656
33725657
33729773
33729781
33730624
33732413
33734714
33735687
33738061
33738063
33738065
33738066
33738067
33738077
33740547
33740548
33744437
33744439
33744442
33744685
33744686
33749283
33750129
33751979
33754721
33756124
33761250
33764059
33764065
33765486
33765606
33766765
33766767
33766770
33769811
33770574
33771586
33773285
33773287
33774343
33775835
33775836
33775841
33780623
33780898
33783211
33783220
33783225
33784097
33784602
33787273
33792311
33793216
33794385
33797901
33797903
33797924
33799069
33811992
33813153
33822606
33822624
33823391
33823394
33823396
33829783
33830764
33831560
33831778
33831780
33834781
33835812
33838306
33844524
33844528
33844533
33845233
33845236
33848153
33848698
33852302
33854701
33857374
33857728
33859792
33859793
33859803
33860662
33861086
33862375
33862468
33862514
33865971
33866238
33873056
33876629
33876936
33886333
33887133
33887439
33887441
33887682
33891818
33892270
33892273
33894490
33894507
33895280
33895500
33900758
33900772
33901770
33901898
33901899
33901900
33904304
33904753
33905966
33906048
33930801
33932522
33932711
33933755
33933756
33940465
33944571
33945278
33945934
33945992
33949190
33949859
33951490
33955740
33957049
33957387
33957388
33964649
33965840
33965860
33970631
33971488
33974419
33974422
33975138
33984470
33984473
33984476
33984802
33988358
33991625
33991626
33991627
33991632
33991821
33992926
33992929
33992931
33999621
34000484
34000508
34000808
34003642
34006099
34011155
34020340
34023664
34023737
34029087
34029774
34034128
34038119
34038857
34042442
34042449
34044121
34044123
34044534
34044539
34046601
34046602
34046604
34046605
34046625
34046630
34046632
34048243
34048880
34052322
34052677
34055221
34055226
34055227
34055228
34055233
34055234
34056898
34058344
34058664
34060847
34080424
34081439
34081466
34086472
34087498
34089839
34091041
34091044
34095844
34095845
34097389
34101461
34101463
34102377
34106711
34107385
34110158
34110812
34110821
34115499
34116160
34118723
34119696
34119830
34126285
34126459
34137625
34138567
34138572
34139324
34139325
34139327
34141079
34141080
34141082
34141085
34141090
34142552
34142835
34143631
34146703
34146704
34147744
34147745
34147746
34147747
34147748
34147909
34147910
34153576
34153839
34154424
34156850
34157437
34161865
34165993
34166782
34170703
34171657
34175535
34181850
34182093
34182358
34184879
34186233
34192642
34197116
34197708
34198150
34213340
34213345
34213885
34214508
34216985
34217061
34218084
34218085
34223161
34223165
34225181
34228444
34233115
34236862
34237441
34237620
34237635
34242022
34245949
34246754
34246920
34251209
34253025
34255512
34255515
34255518
34260229
34264057
34264059
34265463
34266235
34267872
34267879
34267880
34267881
34267882
34267884
34267885
34267887
34269576
34270254
34271070
34273487
34274831
34279934
34279935
34283608
34283610
34284105
34286973
34288674
34291633
34292726
34292747
34293617
34298282
34303869
34303870
34303872
34304133
34304557
34311087
34311158
34313432
34314844
34314938
34315043
34323489
34324343
34324968
34328319
34328726
34329999
34332211
34332400
34333394
34333981
34337952
34338527
34340042
34340303
34342996
34347470
34351144
34351741
34353608
34355182
34355184
34355187
34355886
34363937
34365131
34371130
34371367
34374541
34375108
34375113
34378389
34382802
34384024
34387088
34388381
34391031
34391034
34391122
34391891
34391893
34392191
34402300
34403955
34403976
34404206
34405680
34411892
34413939
34413942
34413945
34413961
34413962
34413964
34414360
34416377
34416664
34416665
34418570
34418572
34419821
34419892
34423975
34423983
34424711
34425310
34425313
34427436
34428715
34435487
34436898
34438123
34438126
34448571
34450497
34454126
34455358
34455779
34459599
34461505
34461718
34464130
34464875
34467765
34472337
34473510
34476950
34477384
34479036
34479037
34479038
34479103
34481337
34481987
34482273
34488024
34491744
34491761
34492302
34492551
34494428
34496560
34500187
34505508
34506932
34507012
34507163
34509167
34509879
34510892
34516107
34516133
34517305
34519506
34520193
34520956
34520958
34527178
34528437
34529443
34530384
34531942
34531952
34531955
34533957
34534674
34536669
34536672
34537445
34543572
34543844
34546748
34547507
34550687
34553934
34553947
34555614
34560262
34560263
34560264
34563669
34563964
34570508
34581584
34587541
34591474
34591488
34596404
34596414
34597896
34597897
34600239
34601246
34601454
34606270
34607244
34607435
34609861
34610423
34610548
34613724
34613725
34614347
34619465
34623802
34624821
34624823
34628036
34628235
34634617
34634618
34647731
34647738
34648286
34648707
34648711
34653340
34655985
34656041
34656901
34664960
34668694
34668699
34670084
34670362
34671445
34671446
34671737
34672559
34672584
34676024
34676036
34676043
34676755
34676759
34678572
34695776
34695777
34699203
34700240
34700267
34700268
34709814
34709820
34710624
34710743
34710745
34714078
34715585
34717125
34726055
34727689
34728369
34730352
34731761
34731762
34734694
34735766
34735773
34742013
34742014
34742016
34743062
34748351
34749202
34752952
34752953
34752955
34758374
34762429
34763081
34766503
34772528
34774741
34775332
34776280
34778767
34778769
34778771
34778773
34779640
34780700
34780899
34780900
34781683
34783558
34792334
34795859
34795864
34795869
34795870
34795875
34797052
34801827
34801828
34802838
34802839
34807608
34809430
34812040
34813314
34813882
34818008
34823899
34825182
34825186
34825190
34826681
34838649
34838650
34838652
34839996
34839997
34841869
34843241
34843914
34844790
34847409
34847495
34854662
34864194
34864496
34871500
34871839
34871842
34871843
34875520
34875522
34875836
34878777
34883292
34889100
34889605
34890994
34894440
34894681
34894691
34898192
34902732
34902735
34905371
34905377
34906761
34908406
34908415
34910486
34915312
34915314
34917239
34917248
34917250
34917257
34917258
34917260
34920169
34920170
34922191
34922306
34923389
34923430
34928144
34928151
34928601
34929581
34931831
34931844
34939411
34939789
34942071
34952433
34954592
34954595
34957834
34958208
34958217
34962782
34965467
34967602
34967607
34967623
34971873
34971874
34974338
34978799
34985886
34992037
34992038
34995453
34995458
34995690
34995924
34998039
34998040
34998057
34998058
34998903
35005973
35005974
35007724
35007862
35007864
35014841
35016115
35024612
35026532
35028560
35033824
35033884
35033885
35034442
35035774
35041419
35041943
35044775
35051574
35051578
35051747
35059114
35059118
35059124
35059126
35059127
35063631
35063731
35063732
35063735
35063736
35063894
35063895
35065232
35065235
35065411
35066140
35066141
35072486
35073089
35073698
35077178
35080403
35080883
35080890
35081714
35089028
35091071
35091172
35093670
35101648
35101649
35108011
35108017
35113547
35113556
35123178
35123179
35123298
35124201
35124202
35131538
35133171
35134642
35138851
35143203
35144038
35148084
35148092
35148101
35151222
35151865
35152061
35152062
35157464
35158044
35167283
35167750
35170942
35171586
35175762
35175768
35176561
35176563
35178170
35179893
35179904
35182815
35188767
35188771
35188773
35189560
35195005
35195417
35195996
35200034
35200035
35202969
35211673
35212533
35217359
35219150
35224497
35229610
35231576
35231579
35231830
35234475
35235334
35235745
35239336
35239352
35244402
35245830
35247754
35247755
35247756
35248836
35257579
35259690
35261239
35272009
35272236
35276360
35276424
35276425
35279606
35286090
35286926
35286927
35286928
35290041
35293760
35296453
35299116
35300078
35300087
35300094
35302767
35302777
35305462
35305463
35306287
35306814
35307617
35308030
35312319
35319895
35324195
35325634
35339101
35339837
35339839
35344904
35344983
35348328
35352560
35352927
35358772
35364239
35364523
35364524
35377638
35377645
35390715
35395370
35398739
35413415
35413417
35413618
35420431
35421578
35428013
35429909
35430537
35430559
35430560
35434626
35434628
35436119
35436589
35436671
35439002
35439007
35439421
35439688
35440138
35442672
35442700
35447031
35447433
35450354
35450359
35450361
35450366
35450368
35450372
35450377
35450378
35450379
35452223
35453036
35462165
35466678
35468293
35468514
35472505
35476936
35482677
35482954
35483322
35483594
35485642
35486993
35489224
35500094
35500202
35500229
35500243
35500474
35500728
35504210
35512344
35512565
35513222
35522977
35525212
35531606
35536179
35537325
35537608
35549181
35549342
35551035
35551036
35551038
35567964
35569264
35571875
35576654
35576656
35576701
35576702
35580334
35580724
35580726
35581674
35584373
35586419
35586426
35586432
35586440
35588495
35588599
35594150
35594541
35597007
35597008
35597009
35597097
35598527
35604326
35605837
35605838
35608571
35609190
35609741
35612311
35612488
35617790
35617855
35623134
35635004
35635929
35635947
35635952
35635953
35635955
35636648
35640328
35640763
35643262
35644299
35644301
35649164
35653642
35653695
35653868
35660250
35661685
35666471
35671249
35671593
35675511
35675756
35679690
35685617
35687347
35687819
35688004
35688005
35689855
35691131
35691175
35694689
35696642
35696861
35696863
35697181
35704802
35707150
35707160
35707161
35707162
35709396
35709506
35716866
35717871
35717872
35718104
35727231
35728507
35729784
35732082
35737472
35749841
35749986
35749987
35751979
35752141
35763499
35763668
35763868
35764033
35766919
35767390
35771181
35771668
35772285
35777073
35777102
35777718
35780636
35785990
35786895
35793358
35796517
35797897
35797898
35797899
35797900
35802779
35809817
35810715
35810950
35814933
35816678
35816877
35820351
35820623
35830169
35833347
35833726
35834807
35834906
35835377
35838529
35838760
35839966
35842206
35849914
35849941
35850422
35858523
35859861
35859865
35859866
35859869
35859878
35859885
35860875
35862732
35863237
35863273
35863275
35863718
35867655
35868003
35868123
35868124
35868126
35868496
35870729
35870730
35872347
35872544
35878418
35880755
35881556
35899912
35904556
35907606
35907608
35912476
35914250
35914651
35916496
35917766
35917834
35919336
35923716
35924548
35925768
35926325
35926511
35926797
35928857
35930265
35930799
35930852
35931006
35931244
35932568
35939295
35939391
35939803
35939992
35939993
35944339
35944385
35944386
35944849
35944850
35944901
35947786
35952367
35952399
35960538
35961068
35961070
35961461
35964426
35969157
35969159
35969197
35972896
35973281
35973342
35973549
35975976
35978678
35978693
35978696
35981459
35985255
35987020
35988449
35993839
35995398
36001934
36005476
36007469
36030002
36031020
36037788
36038117
36044257
36044812
36049274
36053318
36053746
36054949
36055000
36055001
36055002
36055003
36058467
36063653
36063664
36063665
36063666
36064123
36064124
36066182
36069712
36073117
36074125
36074863
36074956
36083840
36084304
36087428
36089110
36089112
36092144
36092147
36095945
36096342
36097406
36098485
36098709
36101934
36103247
36105323
36107752
36108470
36111355
36111834
36112701
36113668
36115209
36116233
36116234
36121705
36126059
36126227
36126323
36126386
36126447
36127295
36130661
36136092
36137276
36137365
36148773
36150341
36152387
36153841
36154033
36154055
36155354
36155355
36162075
36162779
36169610
36170566
36170798
36170799
36173763
36174836
36178776
36179320
36179402
36179486
36183504
36184029
36184030
36191148
36197449
36197750
36200480
36201615
36201858
36201859
36202064
36202189
36202389
36205223
36205714
36206538
36208543
36208545
36208870
36215813
36215854
36216349
36221183
36222708
36223680
36240545
36240547
36244186
36244233
36250680
36251573
36251833
36256875
36257060
36261130
36262386
36262392
36263926
36263945
36265268
36265279
36269107
36269278
36272186
36274273
36274274
36274276
36274279
36278929
36279149
36282007
36282975
36283182
36286259
36288465
36306372
36306471
36307034
36314537
36318660
36322383
36322935
36324492
36324498
36325396
36325400
36325401
36327695
36331527
36332547
36332550
36332552
36332553
36332883
36335742
36335744
36336316
36343410
36343411
36343904
36346696
36346705
36346971
36351184
36355693
36356320
36358010
36368496
36368497
36370550
36375335
36375337
36378954
36383928
36384292
36385926
36385933
36385936
36395392
36395648
36395649
36395995
36399068
36399709
36399875
36399923
36399924
36400288
36402454
36410047
36410167
36410169
36414390
36417820
36423823
36426237
36427655
36435016
36439976
36439981
36440853
36442370
36442664
36446632
36449304
36449385
36449947
36450167
36454192
36455032
36455356
36455357
36459083
36459759
36462435
36462436
36462439
36462440
36462442
36462443
36462444
36463729
36469401
36470105
36470106
36472561
36473091
36473699
36475645
36475694
36475697
36481449
36481598
36484801
36490325
36495630
36496202
36503229
36503248
36507721
36512711
36512715
36512763
36516438
36520541
36525694
36528996
36529947
36537915
36538005
36538511
36540942
36542759
36542959
36543033
36549115
36549397
36561076
36563333
36563498
36566711
36577215
36577217
36577220
36580731
36580744
36584305
36584631
36587420
36594670
36595440
36595482
36598095
36599229
36599263
36603508
36608337
36608458
36610249
36621139
36622056
36624931
36626645
36628850
36630177
36630286
36630883
36634346
36634454
36634456
36634457
36634753
36638711
36640459
36640928
36641860
36641861
36642961
36645394
36645983
36649216
36651644
36652792
36655125
36655130
36655131
36655133
36655134
36657024
36657375
36661843
36669370
36669398
36669575
36680985
36680986
36682173
36682292
36689894
36692394
36692498
36695404
36695774
36696764
36696874
36700940
36702053
36706608
36706609
36706844
36708678
36709570
36716641
36719862
36720321
36724635
36727857
36728508
36731273
36734825
36735827
36736152
36745746
36753879
36753881
36757100
36757959
36758171
36758304
36760740
36760745
36760748
36764122
36764123
36764468
36764471
36773550
36774555
36774697
36780830
36781172
36787657
36793422
36793426
36793427
36793428
36793436
36793438
36796299
36801517
36802596
36802610
36802665
36804726
36804747
36809706
36812150
36812492
36821822
36822300
36823782
36826833
36842272
36846363
36846364
36848846
36857133
36857812
36858078
36863225
36867428
36870273
36871704
36877255
36878151
36880726
36880830
36881982
36882960
36883854
36883902
36889150
36889653
36893622
36893624
36893625
36893626
36896968
36898330
36907336
36912866
36917881
36923909
36923916
36923918
36923921
36924668
36924945
36931124
36934335
36934484
36934521
36940432
36950863
36951608
36952395
36958266
36959108
36965227
36966652
36966653
36966976
36970140
36970153
36972104
36976921
36987571
36988587
36989813
36990245
36996714
36996716
37001055
37001389
37002872
37003157
37004924
37011445
37011767
37012671
37014977
37014989
37021456
37022308
37023678
37023679
37027002
37027003
37029334
37030194
37030567
37031730
37037122
37037136
37037137
37037140
37037787
37043994
37054560
37054562
37054759
37054761
37057760
37060933
37062169
37071962
37075625
37077378
37077379
37077380
37077382
37077385
37077386
37077403
37080108
37084597
37086699
37088219
37094449
37094724
37098296
37098307
37105490
37116762
37119666
37119973
37120845
37120995
37120997
37122541
37122549
37125736
37127101
37127102
37130343
37130473
37134182
37134203
37134237
37141440
37141705
37148849
37154765
37155735
37156182
37156184
37156392
37159959
37163340
37163463
37163946
37163947
37172324
37172474
37178481
37178482
37178483
37178666
37182334
37182335
37184921
37187252
37191268
37196547
37197451
37197456
37197459
37197460
37197461
37197472
37201428
37204207
37209450
37209613
37210838
37210839
37216812
37220641
37224022
37224761
37226670
37229831
37229832
37234044
37235865
37235998
37244162
37247505
37252095
37252102
37252103
37253305
37257211
37257213
37257254
37261954
37262349
37262997
37268593
37269667
37270074
37276138
37276341
37279162
37283561
37284689
37285219
37286364
37290182
37290185
37291059
37294950
37295614
37300915
37302340
37310919
37312836
37312837
37312840
37312844
37312859
37312861
37314161
37314941
37315474
37315697
37315698
37321109
37329678
37329713
37332162
37334504
37336067
37336083
37337963
37348260
37348296
37352470
37354726
37356356
37357390
37360390
37360393
37360395
37360400
37366223
37369169
37369332
37369333
37379621
37379957
37382379
37382926
37390508
37393789
37393790
37393791
37399505
37399711
37399712
37402343
37403870
37406165
37406381
37409679
37413881
37413882
37418628
37421373
37421889
37423125
37423126
37423127
37423504
37427891
37428122
37428137
37428858
37429083
37429084
37429211
37433128
37436942
37437349
37437350
37438908
37438997
37452764
37453330
37458396
37459673
37465290
37465292
37465293
37465301
37465306
37465309
37465312
37478496
37478560
37478957
37480712
37482017
37482020
37482022
37482023
37484560
37484562
37484564
37487305
37487307
37487467
37489834
37498552
37499195
37499289
37501287
37506545
37515920
37523719
37527664
37531744
37531921
37535706
37535861
37536210
37536264
37542987
37542993
37544183
37544256
37552807
37556731
37556912
37556946
37556948
37561993
37563016
37567059
37573828
37578217
37578463
37583812
37583815
37583817
37583824
37583832
37584424
37586181
37591318
37593578
37594952
37595020
37597436
37597437
37598483
37605297
37605459
37608596
37609780
37611534
37615114
37616488
37625387
37633202
37633203
37634760
37634761
37634762
37639823
37643500
37647598
37647727
37650225
37651268
37651874
37651875
37652098
37652099
37657271
37657273
37659195
37660352
37660833
37669428
37669595
37671907
37676745
37676858
37678143
37683361
37683364
37688938
37688939
37690265
37696000
37704010
37706660
37708796
37708798
37708799
37713805
37717380
37721854
37722288
37722299
37724542
37729692
37731695
37731698
37731700
37731702
37734423
37736169
37736180
37738648
37749892
37752013
37770002
37774448
37776574
37778239
37788550
37797307
37804995
37807849
37812884
37819647
37826932
37826934
37827528
37832229
37837671
37837674
37838340
37838343
37839342
37839344
37843072
37843892
37847303
37847948
37849537
37849540
37849545
37849559
37856840
37856864
37857145
37857324
37859715
37859716
37859720
37861679
37862143
37862815
37864885
37865282
37866335
37866711
37866713
37871406
37871407
37871508
37874155
37874905
37874947
37875056
37879043
37883895
37883896
37902787
37905925
37906573
37908076
37922441
37922830
37925088
37931330
37931521
37939444
37939863
37939864
37943013
37943932
37944867
37952596
37956762
37963811
37966047
37967851
37970587
37972434
37974937
37974948
37974951
37974962
37974964
37974965
37974966
37976704
37976705
37976706
37976710
37979441
37981443
37984216
37984298
37984299
37988652
37989059
37990878
37992274
37992521
38000211
38008338
38008339
38015154
38016297
38020072
38029465
38033250
38036274
38039787
38039791
38039793
38039794
38043489
38043491
38047891
38048696
38048697
38051674
38052155
38052378
38056296
38056297
38056298
38059836
38065292
38070351
38070352
38071792
38086190
38088333
38088830
38088921
38092421
38093696
38095579
38096366
38096651
38101038
38104495
38107169
38107170
38107172
38107174
38107178
38107179
38107183
38109811
38116407
38116411
38116421
38116436
38116438
38116443
38116446
38117948
38117981
38128907
38134746
38134748
38141287
38142509
38142510
38147525
38154348
38157596
38159483
38160619
38160620
38164076
38164929
38169272
38170998
38171149
38171150
38171251
38175811
38179950
38181380
38183777
38183778
38185057
38189253
38197367
38198226
38198596
38199165
38199166
38199330
38206836
38207096
38207099
38211468
38211702
38214982
38215587
38217503
38219659
38227770
38229753
38229758
38241614
38244254
38244374
38244940
38246115
38252624
38252989
38261411
38262120
38266245
38271867
38277917
38278079
38281455
38283214
38283217
38283222
38283223
38283229
38285511
38289623
38290351
38294854
38295487
38295524
38295689
38301036
38306598
38307441
38308950
38310752
38316368
38320715
38321747
38325006
38330850
38330869
38331226
38335279
38340508
38340509
38346577
38349250
38350360
38350529
38352832
38352839
38352843
38359535
38359536
38359537
38360418
38360419
38364599
38364714
38373290
38373465
38373466
38375763
38377825
38381886
38382679
38387069
38387074
38387691
38389871
38389872
38389874
38394369
38394996
38401190
38401457
38408027
38412693
38421819
38422567
38422702
38427823
38428273
38430853
38432057
38432059
38436571
38442487
38447786
38452725
38452728
38457911
38458107
38460270
38460487
38462716
38465588
38466654
38467640
38470227
38470246
38471358
38476002
38477575
38477582
38479166
38484122
38488882
38489246
38490063
38492541
38500250
38503166
38505842
38505861
38508119
38508120
38508325
38516586
38516587
38516592
38516594
38516602
38516603
38518121
38518525
38518735
38521175
38521177
38522589
38527911
38530741
38533580
38537512
38547733
38552030
38554475
38555073
38556760
38557062
38564299
38569434
38574002
38574345
38579622
38580135
38580317
38582047
38588625
38592948
38593588
38595098
38597264
38598312
38599295
38604095
38604096
38604131
38604299
38608962
38614063
38619191
38621327
38626522
38626523
38628784
38628785
38628786
38628791
38628794
38628796
38628800
38628803
38630077
38636130
38641151
38642371
38651495
38653067
38656144
38663285
38665838
38665842
38665844
38669059
38669736
38669909
38669910
38670537
38678823
38679872
38684226
38687966
38691891
38692523
38695063
38695469
38701712
38701714
38704935
38704942
38704960
38706130
38711345
38713486
38714043
38714044
38716896
38718625
38718626
38722184
38727100
38728867
38729623
38733884
38744018
38746889
38746892
38746902
38746903
38748913
38751194
38753594
38753759
38754142
38754562
38754564
38759932
38761789
38762915
38762918
38770784
38776401
38776806
38780468
38781491
38781921
38784451
38784455
38784462
38784463
38784469
38784473
38787793
38795518
38795520
38799223
38805213
38805939
38807539
38810170
38810335
38815872
38818879
38820338
38823265
38830427
38833750
38838545
38838546
38838547
38838918
38843586
38844173
38847373
38847803
38851000
38851056
38851358
38852337
38852339
38857566
38861808
38863440
38870714
38870715
38870832
38875808
38875810
38876177
38878516
38879970
38879996
38885173
38888140
38889606
38889608
38889609
38894896
38894909
38894910
38894911
38894921
38894925
38894930
38894933
38896548
38901105
38903944
38906336
38908103
38908104
38911150
38911155
38911163
38911168
38911171
38912577
38913497
38913699
38913701
38914346
38917665
38925014
38925015
38943626
38944934
38949959
38953866
38954961
38955347
38958057
38959455
38959726
38959727
38959730
38964169
38972081
38977106
38988222
38991154
38995734
38996544
38996937
39002183
39004018
39004318
39007759
39008565
39011823
39015262
39015278
39018526
39018923
39018924
39026395
39026636
39026639
39026645
39026650
39026651
39026656
39028865
39031090
39033612
39036880
39037114
39038276
39051441
39051854
39053191
39053193
39058542
39066713
39072488
39077892
39080842
39084610
39088797
39092855
39094274
39094277
39096294
39098133
39102466
39106658
39109492
39110625
39111015
39119945
39134060
39136241
39137258
39137454
39140037
39140039
39140041
39140043
39140047
39140049
39140055
39140060
39140066
39140071
39140772
39142150
39143914
39145486
39149093
39149105
39149109
39149111
39149114
39149790
39150226
39159426
39163619
39163776
39163780
39166848
39178382
39178726
39180479
39185935
39190548
39191393
39196854
39207927
39208364
39221768
39225755
39230932
39231262
39241669
39250434
39250602
39256986
39258897
39264152
39264726
39269788
39270448
39283654
39291010
39291024
39291025
39291027
39291031
39291036
39291659
39303516
39361813
